"iso","year","region","source","survey","model","year_real","measure","ages"
"ABW",2018,"COUNTRIES EXCLUDED (islands/very small territories/populations)",NA,NA,21.0639241636308,NA,"mOM","20-44"
"AFG",2011,"Asia & Pacific","MICS",NA,382.508803808637,NA,"mOM","20-44"
"AGO",2015,"Africa","DHS ",199.8925,425.718539118422,"2015-16","mOM","20-44"
"ALB",2018,"Europe","DHS ",11.10827,24.4708138385878,NA,"mOM","20-44"
"ARE",2016,"Arab states","Indirect",NA,14.5102554841464,NA,"mOM","20-44"
"ARG",2016,"South & Latin America","Indirect",NA,28.6553918357848,NA,"mOM","20-44"
"ARM",2016,"Europe","DHS ",19.80663,36.2954093979837,NA,"mOM","20-44"
"ATG",2018,"COUNTRIES EXCLUDED (islands/very small territories/populations)",NA,NA,16.3178823449777,NA,"mOM","20-44"
"AUS",2016,"Asia & Pacific","Indirect",NA,5.81942596869525,NA,"mOM","20-44"
"AUT",2018,"Europe","GGS",NA,3.95304465586616,NA,"mOM","20-44"
"BDI",2016,"Africa","DHS ",210.8132,308.144940861291,"2016-17","mOM","20-44"
"BEL",2018,"Europe","GGS",NA,5.07042125765754,NA,"mOM","20-44"
"BEN",2017,"Africa","DHS ",229.4843,330.610795701458,"2017-18","mOM","20-44"
"BFA",2010,"Africa","DHS ",338.865,440.071606720209,NA,"mOM","20-44"
"BGD",2014,"Asia & Pacific","DHS ",149.4273,145.376390496665,NA,"mOM","20-44"
"BGR",2016,"Europe","Indirect",NA,13.0965117421698,NA,"mOM","20-44"
"BHR",2018,"COUNTRIES EXCLUDED (islands/very small territories/populations)",NA,NA,15.2602459247052,NA,"mOM","20-44"
"BHS",2018,"COUNTRIES EXCLUDED (islands/very small territories/populations)",NA,NA,17.0590986630514,NA,"mOM","20-44"
"BIH",2016,"Europe","Indirect",NA,10.128489783496,NA,"mOM","20-44"
"BLR",2016,"Europe","Indirect",NA,10.9896303570563,NA,"mOM","20-44"
"BLZ",2015,"South & Latin America","MICS",NA,55.5372449734532,"2015-16","mOM","20-44"
"BRB",2018,"COUNTRIES EXCLUDED (islands/very small territories/populations)",NA,NA,14.5475429262662,NA,"mOM","20-44"
"BRN",2018,"COUNTRIES EXCLUDED (islands/very small territories/populations)",NA,NA,14.2932418353756,NA,"mOM","20-44"
"BTN",2010,"Asia & Pacific","MICS ",NA,188.842764434275,NA,"mOM","20-44"
"BWA",2016,"Africa","Indirect",NA,115.096306727322,NA,"mOM","20-44"
"CAF",2010,"Africa","MICS",NA,381.964318485946,NA,"mOM","20-44"
"CAN",2016,"North America","Indirect ",NA,5.46345675384833,NA,"mOM","20-44"
"CHE",2016,"Europe","Indirect",NA,3.84406785094173,NA,"mOM","20-44"
"CHL",2016,"South & Latin America","Indirect",NA,13.4110535847852,NA,"mOM","20-44"
"CHN",2016,"Asia & Pacific","Indirect",NA,31.1231805172596,NA,"mOM","20-44"
"CIV",2011,"Africa","DHS ",231.0597,340.939250117534,"2011-12","mOM","20-44"
"CMR",2011,"Africa","DHS ",258.386,370.563366519234,NA,"mOM","20-44"
"COD",2013,"Africa","DHS ",257.2782,414.126383850641,"2013-14","mOM","20-44"
"COG",2011,"Africa","DHS ",175.4228,232.001115928372,"2011-12","mOM","20-44"
"COL",2015,"South & Latin America","DHS ",33.93834,35.3473579934894,"2015-16","mOM","20-44"
"COM",2012,"Arab states","DHS ",92.16674,250.662036740841,NA,"mOM","20-44"
"CPV",2018,"COUNTRIES EXCLUDED (islands/very small territories/populations)",NA,NA,55.8143690429596,NA,"mOM","20-44"
"CRI",2016,"South & Latin America","Indirect",NA,19.4915885757756,NA,"mOM","20-44"
"CUB",2014,"South & Latin America","MICS",NA,9.7322103440994,NA,"mOM","20-44"
"CYP",2016,"Europe","Indirect",NA,6.12951286468607,NA,"mOM","20-44"
"CZE",2016,"Europe","Indirect",NA,5.0145044181136,NA,"mOM","20-44"
"DEU",2016,"Europe","Indirect",NA,3.69393082126479,NA,"mOM","20-44"
"DJI",2016,"Arab states","Indirect",NA,163.375418397589,NA,"mOM","20-44"
"DNK",2016,"Europe","Indirect",NA,4.96136507005315,NA,"mOM","20-44"
"DOM",2013,"South & Latin America","DHS ",84.66233,77.2701813103718,NA,"mOM","20-44"
"DZA",2012,"Arab states","MICS",NA,61.9914528466068,"2012-13","mOM","20-44"
"ECU",2016,"South & Latin America","Indirect",NA,53.5316671440125,NA,"mOM","20-44"
"EGY",2014,"Arab states","DHS ",74.75646,91.6762037033369,NA,"mOM","20-44"
"ERI",2016,"Africa","Indirect",NA,191.71545008088,NA,"mOM","20-44"
"ESH",2018,"COUNTRIES EXCLUDED (islands/very small territories/populations)",NA,NA,78.453795373695,NA,"mOM","20-44"
"ESP",2016,"Europe","Indirect",NA,2.64338496122924,NA,"mOM","20-44"
"EST",2016,"Europe","Indirect",NA,9.38258377526952,NA,"mOM","20-44"
"ETH",2016,"Africa","DHS ",216.6478,279.504545789816,NA,"mOM","20-44"
"FIN",2016,"Europe","Indirect",NA,3.96256902022445,NA,"mOM","20-44"
"FJI",2018,"COUNTRIES EXCLUDED (islands/very small territories/populations)",NA,NA,51.008022376053,NA,"mOM","20-44"
"FRA",2016,"Europe","Indirect",NA,5.33233504167193,NA,"mOM","20-44"
"FSM",2018,"COUNTRIES EXCLUDED (islands/very small territories/populations)",NA,NA,92.680669262679,NA,"mOM","20-44"
"GAB",2012,"Africa","DHS ",123.8096,209.527470893719,NA,"mOM","20-44"
"GBR",2016,"Europe","Indirect",NA,6.0801141296691,NA,"mOM","20-44"
"GEO",2016,"Europe","Indirect",NA,31.4577503234408,NA,"mOM","20-44"
"GHA",2014,"Africa","DHS ",148.6878,213.089863609729,NA,"mOM","20-44"
"GIN",2012,"Africa","DHS ",296.8574,396.858272791478,NA,"mOM","20-44"
"GLP",2018,"COUNTRIES EXCLUDED (islands/very small territories/populations)",NA,NA,11.1693581326462,NA,"mOM","20-44"
"GMB",2013,"Africa","DHS ",148.8092,304.309843582642,NA,"mOM","20-44"
"GNB",2016,"Africa","Indirect",NA,326.628949847229,NA,"mOM","20-44"
"GNQ",2016,"Africa","Indirect",NA,335.056975806687,NA,"mOM","20-44"
"GRC",2016,"Europe","Indirect",NA,3.90295803953158,NA,"mOM","20-44"
"GRD",2018,"COUNTRIES EXCLUDED (islands/very small territories/populations)",NA,NA,23.9092177253162,NA,"mOM","20-44"
"GTM",2014,"South & Latin America","DHS ",90.65897,118.541838806255,"2014-15","mOM","20-44"
"GUF",2016,"South & Latin America","Indirect",NA,36.2656208894739,NA,"mOM","20-44"
"GUM",2018,"COUNTRIES EXCLUDED (islands/very small territories/populations)",NA,NA,24.8674934005732,NA,"mOM","20-44"
"GUY",2014,"South & Latin America","MICS",NA,85.1219436895241,NA,"mOM","20-44"
"HKG",2016,"Asia & Pacific","Indirect",NA,1.67568170593819,NA,"mOM","20-44"
"HND",2012,"South & Latin America","DHS ",69.4096,114.729014186073,NA,"mOM","20-44"
"HRV",2016,"Europe","Indirect",NA,6.86704574071215,NA,"mOM","20-44"
"HTI",2016,"South & Latin America","DHS ",124.8154,189.611532239613,"2016-17","mOM","20-44"
"HUN",2016,"Europe","Indirect",NA,7.1861509601432,NA,"mOM","20-44"
"IDN",2017,"Asia & Pacific","DHS ",63.058,61.8410292052241,NA,"mOM","20-44"
"IND",2015,"Asia & Pacific","DHS ",92.88662,152.916477393454,NA,"mOM","20-44"
"IRL",2016,"Europe","Indirect",NA,5.28567907564611,NA,"mOM","20-44"
"IRN",2016,"Asia & Pacific","Indirect",NA,35.9288866623566,NA,"mOM","20-44"
"IRQ",2011,"Arab states","MICS",NA,122.723946622344,NA,"mOM","20-44"
"ISL",2016,"Europe","Indirect",NA,4.54655160945712,NA,"mOM","20-44"
"ISR",2016,"Europe","Indirect",NA,10.9955299328744,NA,"mOM","20-44"
"ITA",2016,"Europe","Indirect",NA,2.91972674265361,NA,"mOM","20-44"
"JAM",2016,"South & Latin America","Indirect",NA,32.7981825735032,NA,"mOM","20-44"
"JOR",2017,"Arab states","DHS ",40.51765,55.1489681882751,NA,"mOM","20-44"
"JPN",2016,"Asia & Pacific","Indirect",NA,2.69478062423422,NA,"mOM","20-44"
"KAZ",2015,"Asia & Pacific","MICS",NA,55.8530380203465,NA,"mOM","20-44"
"KEN",2014,"Africa","DHS ",134.5772,218.842725854405,NA,"mOM","20-44"
"KGZ",2012,"Asia & Pacific","DHS ",62.12732,97.1513680814161,NA,"mOM","20-44"
"KHM",2014,"Asia & Pacific","DHS ",91.856,156.953144706174,NA,"mOM","20-44"
"KIR",2018,"COUNTRIES EXCLUDED (islands/very small territories/populations)",NA,NA,141.952700898332,NA,"mOM","20-44"
"KOR",2016,"Asia & Pacific","Indirect",NA,4.45992954470867,NA,"mOM","20-44"
"KWT",2016,"Arab states","Indirect",NA,18.0043843129726,NA,"mOM","20-44"
"LAO",2017,"Asia & Pacific","MICS",NA,169.339080273316,NA,"mOM","20-44"
"LBN",2016,"Arab states","Indirect",NA,20.927362316173,NA,"mOM","20-44"
"LBR",2013,"Africa","DHS ",293.4383,363.999920687721,NA,"mOM","20-44"
"LBY",2016,"Arab states","Indirect ",NA,28.6787186335842,NA,"mOM","20-44"
"LCA",2018,"COUNTRIES EXCLUDED (islands/very small territories/populations)",NA,NA,19.5080443135847,NA,"mOM","20-44"
"LKA",2016,"Asia & Pacific","Indirect",NA,19.6097337167883,NA,"mOM","20-44"
"LSO",2014,"Africa","DHS ",137.6474,181.050002142929,NA,"mOM","20-44"
"LTU",2016,"Europe","Indirect",NA,10.2593882888132,NA,"mOM","20-44"
"LUX",2018,"COUNTRIES EXCLUDED (islands/very small territories/populations)",NA,NA,3.96634557538569,NA,"mOM","20-44"
"LVA",2016,"Europe","Indirect",NA,11.0070264256334,NA,"mOM","20-44"
"MAC",2018,"COUNTRIES EXCLUDED (islands/very small territories/populations)",NA,NA,2.37816531466605,NA,"mOM","20-44"
"MDA",2012,"Europe","MICS",NA,28.3681754755944,NA,"mOM","20-44"
"MDG",2018,"Africa","MICS",NA,205.948150669296,NA,"mOM","20-44"
"MDV",2016,"Asia & Pacific","DHS ",34.10045,53.7561803986666,NA,"mOM","20-44"
"MEX",2015,"South & Latin America","MICS",NA,41.4950872034596,NA,"mOM","20-44"
"MKD",2016,"Europe","Indirect",NA,16.3835886798094,NA,"mOM","20-44"
"MLI",2012,"Africa","DHS ",243.146,478.927282747803,"2012-13","mOM","20-44"
"MLT",2018,"COUNTRIES EXCLUDED (islands/very small territories/populations)",NA,NA,5.44366468847804,NA,"mOM","20-44"
"MMR",2015,"Asia & Pacific","DHS ",104.0004,99.6643009363308,"2015-16","mOM","20-44"
"MNE",2013,"Europe","MICS",NA,15.4339320867188,NA,"mOM","20-44"
"MNG",2013,"Asia & Pacific","MICS",NA,83.7165094020222,"2013-14","mOM","20-44"
"MOZ",2011,"Africa","DHS ",271.3773,378.868777302556,NA,"mOM","20-44"
"MRT",2015,"Arab states","MICS",NA,259.984732570008,NA,"mOM","20-44"
"MTQ",2018,"COUNTRIES EXCLUDED (islands/very small territories/populations)",NA,NA,10.6157277869389,NA,"mOM","20-44"
"MUS",2018,"COUNTRIES EXCLUDED (islands/very small territories/populations)",NA,NA,17.328310445574,NA,"mOM","20-44"
"MWI",2015,"Africa","DHS ",204.7527,303.747758536198,"2015-16","mOM","20-44"
"MYS",2016,"Asia & Pacific","Indirect",NA,14.8126381647834,NA,"mOM","20-44"
"MYT",2018,"COUNTRIES EXCLUDED (islands/very small territories/populations)",NA,NA,21.8523210504632,NA,"mOM","20-44"
"NAM",2013,"Africa","DHS ",95.07228,130.24686549453,NA,"mOM","20-44"
"NCL",2018,"COUNTRIES EXCLUDED (islands/very small territories/populations)",NA,NA,25.4180490269132,NA,"mOM","20-44"
"NER",2012,"Africa","DHS ",413.779,524.069472092008,NA,"mOM","20-44"
"NGA",2013,"Africa","DHS ",276.8203,396.683005365753,NA,"mOM","20-44"
"NLD",2016,"Europe","Indirect",NA,4.57656731947157,NA,"mOM","20-44"
"NOR",2016,"Europe","Indirect",NA,4.67105528879674,NA,"mOM","20-44"
"NPL",2015,"Asia & Pacific","MICS",NA,149.464665530814,NA,"mOM","20-44"
"NZL",2016,"Asia & Pacific","Indirect",NA,7.9669127814003,NA,"mOM","20-44"
"OMN",2016,"Arab states","Indirect",NA,38.0256144703297,NA,"mOM","20-44"
"PAK",2018,"Asia & Pacific","DHS ",180.0662,219.731331511719,NA,"mOM","20-44"
"PAN",2016,"South & Latin America","Indirect",NA,46.691365067405,NA,"mOM","20-44"
"PER",2012,"South & Latin America","DHS ",63.93598,71.5578615351847,NA,"mOM","20-44"
"PHL",2017,"Asia & Pacific","DHS ",45.9377,73.3674187108648,NA,"mOM","20-44"
"PNG",2016,"Asia & Pacific","DHS ",106.5676,160.641592870587,"2016-18","mOM","20-44"
"POL",2016,"Europe","Indirect",NA,7.92801936055892,NA,"mOM","20-44"
"PRI",2016,"South & Latin America","Indirect",NA,11.6776588753221,NA,"mOM","20-44"
"PRK",2016,"Asia & Pacific","Indirect",NA,48.3316273452928,NA,"mOM","20-44"
"PRT",2016,"Europe","Indirect",NA,4.3496324619853,NA,"mOM","20-44"
"PRY",2016,"South & Latin America","MICS",NA,60.9435090642905,NA,"mOM","20-44"
"PSE",2016,"Arab states","Indirect",NA,86.3167427684355,NA,"mOM","20-44"
"PYF",2018,"COUNTRIES EXCLUDED (islands/very small territories/populations)",NA,NA,13.8281769241698,NA,"mOM","20-44"
"QAT",2016,"Arab states","Indirect",NA,19.5701297051741,NA,"mOM","20-44"
"REU",2018,"COUNTRIES EXCLUDED (islands/very small territories/populations)",NA,NA,10.8273940798317,NA,"mOM","20-44"
"ROU",2016,"Europe","Indirect",NA,15.6797187724694,NA,"mOM","20-44"
"RUS",2016,"Europe","Indirect",NA,16.6864236841566,NA,"mOM","20-44"
"RWA",2014,"Africa","DHS ",170.5185,269.611929577721,"2014-15","mOM","20-44"
"SAU",2016,"Arab states","Indirect",NA,37.9304721498316,NA,"mOM","20-44"
"SDN",2014,"Arab states","MICS",NA,254.217654618532,NA,"mOM","20-44"
"SEN",2017,"Africa","DHS ",147.8964,221.390797203654,NA,"mOM","20-44"
"SGP",2016,"Asia & Pacific","Indirect",NA,2.28305923155999,NA,"mOM","20-44"
"SLE",2013,"Africa","DHS ",359.164,406.892859522256,NA,"mOM","20-44"
"SLV",2014,"South & Latin America","MICS",NA,59.9035538453772,NA,"mOM","20-44"
"SOM",2011,"Arab states","MICS? ",NA,441.405074420879,NA,"mOM","20-44"
"SRB",2014,"Europe","MICS",NA,14.52966761932,NA,"mOM","20-44"
"SSD",2014,"Africa","MICS",NA,361.921296437886,NA,"mOM","20-44"
"STP",2014,"Africa","MICS",NA,200.350304618515,NA,"mOM","20-44"
"SUR",2018,"South & Latin America","MICS",NA,51.7831333326392,NA,"mOM","20-44"
"SVK",2016,"Europe","Indirect",NA,8.25223555941841,NA,"mOM","20-44"
"SVN",2016,"Europe","Indirect",NA,4.10904780654817,NA,"mOM","20-44"
"SWE",2016,"Europe","Indirect",NA,3.82266703143218,NA,"mOM","20-44"
"SYC",2018,"COUNTRIES EXCLUDED (islands/very small territories/populations)",NA,NA,22.8435959869471,NA,"mOM","20-44"
"SYR",2016,"Asia & Pacific","Indirect",NA,54.3086985083972,NA,"mOM","20-44"
"TCD",2014,"Africa","DHS ",376.199,466.093172184275,"2014-15","mOM","20-44"
"TGO",2013,"Africa","DHS ",188.2181,287.298508708088,"2013-14","mOM","20-44"
"THA",2015,"Asia & Pacific","MICS",NA,20.2075708116968,"2015-16","mOM","20-44"
"TJK",2017,"Asia & Pacific","DHS ",77.95512,143.033115274045,NA,"mOM","20-44"
"TKM",2015,"Asia & Pacific","MICS",NA,129.341084551422,"2015-16","mOM","20-44"
"TLS",2016,"Asia & Pacific","DHS ",91.77245,215.709696896042,NA,"mOM","20-44"
"TON",2018,"COUNTRIES EXCLUDED (islands/very small territories/populations)",NA,NA,41.674832989587,NA,"mOM","20-44"
"TTO",2011,"South & Latin America","MICS",NA,38.4416996676715,NA,"mOM","20-44"
"TUN",2011,"Arab states","MICS",NA,35.8803845660381,"2011-12","mOM","20-44"
"TUR",2013,"Europe","DHS ",43.75557,70.3916291227599,NA,"mOM","20-44"
"TWN",2016,"Asia & Pacific","Indirect",NA,5.42591959754958,NA,"mOM","20-44"
"TZA",2015,"Africa","DHS ",200.9316,260.92130898184,"2015-16","mOM","20-44"
"UGA",2016,"Africa","DHS ",227.5979,325.641623673114,NA,"mOM","20-44"
"UKR",2012,"Europe","MICS",NA,17.3507884511284,NA,"mOM","20-44"
"URY",2016,"South & Latin America","Indirect",NA,20.4420908684014,NA,"mOM","20-44"
"USA",2013,"North America","NSFG",9.2825,11.2262057391947,"2013-17","mOM","20-44"
"VCT",2018,"COUNTRIES EXCLUDED (islands/very small territories/populations)",NA,NA,29.6567575121575,NA,"mOM","20-44"
"VEN",2016,"South & Latin America","Indirect",NA,38.4749070385631,NA,"mOM","20-44"
"VIR",2018,"COUNTRIES EXCLUDED (islands/very small territories/populations)",NA,NA,18.7293124177356,NA,"mOM","20-44"
"VNM",2013,"Asia & Pacific","MICS",NA,45.3689633260683,NA,"mOM","20-44"
"VUT",2018,"COUNTRIES EXCLUDED (islands/very small territories/populations)",NA,NA,77.2345479752517,NA,"mOM","20-44"
"WSM",2018,"COUNTRIES EXCLUDED (islands/very small territories/populations)",NA,NA,53.9605535314368,NA,"mOM","20-44"
"YEM",2013,"Arab states","DHS ",150.5753,248.222694488302,NA,"mOM","20-44"
"ZAF",2016,"Africa","DHS ",72.0839,91.0314297542602,NA,"mOM","20-44"
"ZMB",2013,"Africa","DHS ",233.8945,313.531828585474,"2013-14","mOM","20-44"
"ZWE",2015,"Africa","DHS ",151.6131,175.894070850574,NA,"mOM","20-44"
NA,2014,"Africa","MICS ",NA,178.053695075716,NA,"mOM","20-44"
NA,2014,"Africa","MICS ",NA,7.90582880454503,NA,"mOM","20-44"
NA,2018,"COUNTRIES EXCLUDED (islands/very small territories/populations)",NA,NA,6.96348172220404,NA,"mOM","20-44"
NA,2018,"COUNTRIES EXCLUDED (islands/very small territories/populations)",NA,NA,159.265727743767,NA,"mOM","20-44"
NA,2018,"COUNTRIES EXCLUDED (islands/very small territories/populations)",NA,NA,6.96348172220404,NA,"mOM","20-44"
NA,2018,"COUNTRIES EXCLUDED (islands/very small territories/populations)",NA,NA,159.265727743767,NA,"mOM","20-44"
NA,2018,"COUNTRIES EXCLUDED (islands/very small territories/populations)",NA,NA,6.96348172220404,NA,"mOM","20-44"
NA,2018,"COUNTRIES EXCLUDED (islands/very small territories/populations)",NA,NA,159.265727743767,NA,"mOM","20-44"
"ABW",2018,"COUNTRIES EXCLUDED (islands/very small territories/populations)",NA,NA,45.7572092693233,NA,"mOM","45-49"
"AFG",2011,"Asia & Pacific","MICS",440.3707,632.298364349625,NA,"mOM","45-49"
"AGO",2015,"Africa","DHS ",469.6808,677.786634729962,"2015-16","mOM","45-49"
"ALB",2018,"Europe","DHS ",38.09908,83.2256667221533,NA,"mOM","45-49"
"ARE",2016,"Arab states","Indirect",NA,62.589930276544,NA,"mOM","45-49"
"ARG",2016,"South & Latin America","Indirect",NA,81.6687329247219,NA,"mOM","45-49"
"ARM",2016,"Europe","DHS ",52.52238,102.072485020596,NA,"mOM","45-49"
"ATG",2018,"COUNTRIES EXCLUDED (islands/very small territories/populations)",NA,NA,48.9111440335447,NA,"mOM","45-49"
"AUS",2016,"Asia & Pacific","Indirect",NA,19.1271388008595,NA,"mOM","45-49"
"AUT",2018,"Europe","GGS",NA,13.756643455129,NA,"mOM","45-49"
"BDI",2016,"Africa","DHS ",590.3914,592.797650730429,"2016-17","mOM","45-49"
"BEL",2018,"Europe","GGS",NA,16.0721159840285,NA,"mOM","45-49"
"BEN",2017,"Africa","DHS ",469.3076,586.676793309688,"2017-18","mOM","45-49"
"BFA",2010,"Africa","DHS ",659.4592,685.694589002131,NA,"mOM","45-49"
"BGD",2014,"Asia & Pacific","DHS ",408.2774,405.596636958987,NA,"mOM","45-49"
"BGR",2016,"Europe","Indirect",NA,36.8983304034489,NA,"mOM","45-49"
"BHR",2018,"COUNTRIES EXCLUDED (islands/very small territories/populations)",NA,NA,53.5048953856403,NA,"mOM","45-49"
"BHS",2018,"COUNTRIES EXCLUDED (islands/very small territories/populations)",NA,NA,62.4773979225221,NA,"mOM","45-49"
"BIH",2016,"Europe","Indirect",NA,33.4175031237797,NA,"mOM","45-49"
"BLR",2016,"Europe","Indirect",NA,38.2129284252624,NA,"mOM","45-49"
"BLZ",2015,"South & Latin America","MICS",136.7414,176.069328678217,"2015-16","mOM","45-49"
"BRB",2018,"COUNTRIES EXCLUDED (islands/very small territories/populations)",NA,NA,33.6953838594218,NA,"mOM","45-49"
"BRN",2018,"COUNTRIES EXCLUDED (islands/very small territories/populations)",NA,NA,44.9965169577871,NA,"mOM","45-49"
"BTN",2010,"Asia & Pacific","MICS ",390.0915,485.763946640985,NA,"mOM","45-49"
"BWA",2016,"Africa","Indirect",NA,208.488537026343,NA,"mOM","45-49"
"CAF",2010,"Africa","MICS",688.9011,518.089044656613,NA,"mOM","45-49"
"CAN",2016,"North America","Indirect ",NA,16.2873766845775,NA,"mOM","45-49"
"CHE",2016,"Europe","Indirect",NA,12.7413517741036,NA,"mOM","45-49"
"CHL",2016,"South & Latin America","Indirect",NA,45.0761684941533,NA,"mOM","45-49"
"CHN",2016,"Asia & Pacific","Indirect",NA,96.8807267938497,NA,"mOM","45-49"
"CIV",2011,"Africa","DHS ",502.0555,549.351266806346,"2011-12","mOM","45-49"
"CMR",2011,"Africa","DHS ",514.8046,574.573831775346,NA,"mOM","45-49"
"COD",2013,"Africa","DHS ",544.7416,647.346508248808,"2013-14","mOM","45-49"
"COG",2011,"Africa","DHS ",416.7952,392.232802098168,"2011-12","mOM","45-49"
"COL",2015,"South & Latin America","DHS ",98.54829,106.192359504188,"2015-16","mOM","45-49"
"COM",2012,"Arab states","DHS ",278.4715,498.712247786385,NA,"mOM","45-49"
"CPV",2018,"COUNTRIES EXCLUDED (islands/very small territories/populations)",NA,NA,182.909372034217,NA,"mOM","45-49"
"CRI",2016,"South & Latin America","Indirect",NA,60.7159188045163,NA,"mOM","45-49"
"CUB",2014,"South & Latin America","MICS",23.33164,31.6234191949673,NA,"mOM","45-49"
"CYP",2016,"Europe","Indirect",NA,25.6015223704418,NA,"mOM","45-49"
"CZE",2016,"Europe","Indirect",NA,24.1003083838973,NA,"mOM","45-49"
"DEU",2016,"Europe","Indirect",NA,12.1939898326193,NA,"mOM","45-49"
"DJI",2016,"Arab states","Indirect",NA,433.298318547542,NA,"mOM","45-49"
"DNK",2016,"Europe","Indirect",NA,15.897624197328,NA,"mOM","45-49"
"DOM",2013,"South & Latin America","DHS ",218.2306,195.653071551447,NA,"mOM","45-49"
"DZA",2012,"Arab states","MICS",150.5163,225.285890778718,"2012-13","mOM","45-49"
"ECU",2016,"South & Latin America","Indirect",NA,169.229502545212,NA,"mOM","45-49"
"EGY",2014,"Arab states","DHS ",211.5555,291.164625167215,NA,"mOM","45-49"
"ERI",2016,"Africa","Indirect",NA,447.911638282071,NA,"mOM","45-49"
"ESH",2018,"COUNTRIES EXCLUDED (islands/very small territories/populations)",NA,NA,254.608699485392,NA,"mOM","45-49"
"ESP",2016,"Europe","Indirect",NA,11.328747001467,NA,"mOM","45-49"
"EST",2016,"Europe","Indirect",NA,40.9476904099278,NA,"mOM","45-49"
"ETH",2016,"Africa","DHS ",577.2063,570.576617333447,NA,"mOM","45-49"
"FIN",2016,"Europe","Indirect",NA,14.7484489194124,NA,"mOM","45-49"
"FJI",2018,"COUNTRIES EXCLUDED (islands/very small territories/populations)",NA,NA,126.559911645528,NA,"mOM","45-49"
"FRA",2016,"Europe","Indirect",NA,17.1878537705941,NA,"mOM","45-49"
"FSM",2018,"COUNTRIES EXCLUDED (islands/very small territories/populations)",NA,NA,229.29773587434,NA,"mOM","45-49"
"GAB",2012,"Africa","DHS ",373.159,416.612448452722,NA,"mOM","45-49"
"GBR",2016,"Europe","Indirect",NA,17.9258901864736,NA,"mOM","45-49"
"GEO",2016,"Europe","Indirect",NA,86.5722446009679,NA,"mOM","45-49"
"GHA",2014,"Africa","DHS ",410.5484,459.44224305151,NA,"mOM","45-49"
"GIN",2012,"Africa","DHS ",603.1319,662.403082565107,NA,"mOM","45-49"
"GLP",2018,"COUNTRIES EXCLUDED (islands/very small territories/populations)",NA,NA,37.6681732377073,NA,"mOM","45-49"
"GMB",2013,"Africa","DHS ",409.7867,589.356844823316,NA,"mOM","45-49"
"GNB",2016,"Africa","Indirect",549.2007,603.240769501878,NA,"mOM","45-49"
"GNQ",2016,"Africa","Indirect",549.2007,560.836620005264,NA,"mOM","45-49"
"GRC",2016,"Europe","Indirect",NA,17.664670348521,NA,"mOM","45-49"
"GRD",2018,"COUNTRIES EXCLUDED (islands/very small territories/populations)",NA,NA,72.9973465507275,NA,"mOM","45-49"
"GTM",2014,"South & Latin America","DHS ",287.9463,326.30027671999,"2014-15","mOM","45-49"
"GUF",2016,"South & Latin America","Indirect",NA,93.4841889260857,NA,"mOM","45-49"
"GUM",2018,"COUNTRIES EXCLUDED (islands/very small territories/populations)",NA,NA,69.3339838034958,NA,"mOM","45-49"
"GUY",2014,"South & Latin America","MICS",233.2398,190.311698793614,NA,"mOM","45-49"
"HKG",2016,"Asia & Pacific","Indirect",NA,6.75108688193306,NA,"mOM","45-49"
"HND",2012,"South & Latin America","DHS ",227.423,302.724851494877,NA,"mOM","45-49"
"HRV",2016,"Europe","Indirect",NA,24.4013349703412,NA,"mOM","45-49"
"HTI",2016,"South & Latin America","DHS ",403.2675,428.112412592845,"2016-17","mOM","45-49"
"HUN",2016,"Europe","Indirect",NA,30.1427833386204,NA,"mOM","45-49"
"IDN",2017,"Asia & Pacific","DHS ",183.2362,177.312082646644,NA,"mOM","45-49"
"IND",2015,"Asia & Pacific","DHS ",216.5777,352.909205448234,NA,"mOM","45-49"
"IRL",2016,"Europe","Indirect",NA,19.8721894237919,NA,"mOM","45-49"
"IRN",2016,"Asia & Pacific","Indirect",NA,158.496419101551,NA,"mOM","45-49"
"IRQ",2011,"Arab states","MICS",186.4371,282.801824901229,NA,"mOM","45-49"
"ISL",2016,"Europe","Indirect",NA,17.2064796000231,NA,"mOM","45-49"
"ISR",2016,"Europe","Indirect",NA,35.4334017224576,NA,"mOM","45-49"
"ITA",2016,"Europe","Indirect",NA,11.6475568576242,NA,"mOM","45-49"
"JAM",2016,"South & Latin America","Indirect",NA,86.6805939231532,NA,"mOM","45-49"
"JOR",2017,"Arab states","DHS ",211.5555,147.573442846179,NA,"mOM","45-49"
"JPN",2016,"Asia & Pacific","Indirect",NA,10.2460601971294,NA,"mOM","45-49"
"KAZ",2015,"Asia & Pacific","MICS",121.599,150.704922719944,NA,"mOM","45-49"
"KEN",2014,"Africa","DHS ",332.1399,427.453022391092,NA,"mOM","45-49"
"KGZ",2012,"Asia & Pacific","DHS ",149.3209,251.929348949729,NA,"mOM","45-49"
"KHM",2014,"Asia & Pacific","DHS ",345.7539,426.09827490224,NA,"mOM","45-49"
"KIR",2018,"COUNTRIES EXCLUDED (islands/very small territories/populations)",NA,NA,303.577211115877,NA,"mOM","45-49"
"KOR",2016,"Asia & Pacific","Indirect",NA,25.0309842605092,NA,"mOM","45-49"
"KWT",2016,"Arab states","Indirect",NA,53.0651798607462,NA,"mOM","45-49"
"LAO",2017,"Asia & Pacific","MICS",289.9799,432.087376593646,NA,"mOM","45-49"
"LBN",2016,"Arab states","Indirect",NA,78.9793241249763,NA,"mOM","45-49"
"LBR",2013,"Africa","DHS ",649.9351,659.67628171778,NA,"mOM","45-49"
"LBY",2016,"Arab states","Indirect ",NA,129.578786656575,NA,"mOM","45-49"
"LCA",2018,"COUNTRIES EXCLUDED (islands/very small territories/populations)",NA,NA,70.6909322281119,NA,"mOM","45-49"
"LKA",2016,"Asia & Pacific","Indirect",NA,63.6659687008663,NA,"mOM","45-49"
"LSO",2014,"Africa","DHS ",353.2569,280.553530170985,NA,"mOM","45-49"
"LTU",2016,"Europe","Indirect",NA,38.3707752630917,NA,"mOM","45-49"
"LUX",2018,"COUNTRIES EXCLUDED (islands/very small territories/populations)",NA,NA,14.8747769495156,NA,"mOM","45-49"
"LVA",2016,"Europe","Indirect",NA,40.116152101572,NA,"mOM","45-49"
"MAC",2018,"COUNTRIES EXCLUDED (islands/very small territories/populations)",NA,NA,9.62246188377867,NA,"mOM","45-49"
"MDA",2012,"Europe","MICS",108.2507,84.085173308592,NA,"mOM","45-49"
"MDG",2018,"Africa","MICS",339.7776,472.853783260552,NA,"mOM","45-49"
"MDV",2016,"Asia & Pacific","DHS ",147.0445,281.676180674549,NA,"mOM","45-49"
"MEX",2015,"South & Latin America","MICS",104.3805,128.079241822504,NA,"mOM","45-49"
"MKD",2016,"Europe","Indirect",NA,62.703826711814,NA,"mOM","45-49"
"MLI",2012,"Africa","DHS ",368.758,708.927394303831,"2012-13","mOM","45-49"
"MLT",2018,"COUNTRIES EXCLUDED (islands/very small territories/populations)",NA,NA,17.1115166338327,NA,"mOM","45-49"
"MMR",2015,"Asia & Pacific","DHS ",265.9059,263.758001406728,"2015-16","mOM","45-49"
"MNE",2013,"Europe","MICS",43.78429,46.9219130551161,NA,"mOM","45-49"
"MNG",2013,"Asia & Pacific","MICS",238.6281,284.918398604409,"2013-14","mOM","45-49"
"MOZ",2011,"Africa","DHS ",528.6907,592.140607174215,NA,"mOM","45-49"
"MRT",2015,"Arab states","MICS",363.4089,480.820238162186,NA,"mOM","45-49"
"MTQ",2018,"COUNTRIES EXCLUDED (islands/very small territories/populations)",NA,NA,33.4342524360284,NA,"mOM","45-49"
"MUS",2018,"COUNTRIES EXCLUDED (islands/very small territories/populations)",NA,NA,50.6033131879207,NA,"mOM","45-49"
"MWI",2015,"Africa","DHS ",557.871,530.170052172913,"2015-16","mOM","45-49"
"MYS",2016,"Asia & Pacific","Indirect",NA,57.3512768499587,NA,"mOM","45-49"
"MYT",2018,"COUNTRIES EXCLUDED (islands/very small territories/populations)",NA,NA,82.1413960528288,NA,"mOM","45-49"
"NAM",2013,"Africa","DHS ",232.0412,273.434937887665,NA,"mOM","45-49"
"NCL",2018,"COUNTRIES EXCLUDED (islands/very small territories/populations)",NA,NA,77.3724886344444,NA,"mOM","45-49"
"NER",2012,"Africa","DHS ",780.1418,763.357856121776,NA,"mOM","45-49"
"NGA",2013,"Africa","DHS ",562.3925,635.469175718147,NA,"mOM","45-49"
"NLD",2016,"Europe","Indirect",NA,13.745897013675,NA,"mOM","45-49"
"NOR",2016,"Europe","Indirect",NA,17.3319840342203,NA,"mOM","45-49"
"NPL",2015,"Asia & Pacific","MICS",265.2573,398.19885991853,NA,"mOM","45-49"
"NZL",2016,"Asia & Pacific","Indirect",NA,26.2259358732448,NA,"mOM","45-49"
"OMN",2016,"Arab states","Indirect",NA,184.217572642111,NA,"mOM","45-49"
"PAK",2018,"Asia & Pacific","DHS ",368.2928,458.74986730319,NA,"mOM","45-49"
"PAN",2016,"South & Latin America","Indirect",NA,115.771557341381,NA,"mOM","45-49"
"PER",2012,"South & Latin America","DHS ",208.4541,249.414030107721,NA,"mOM","45-49"
"PHL",2017,"Asia & Pacific","DHS ",113.96,188.277639220628,NA,"mOM","45-49"
"PNG",2016,"Asia & Pacific","DHS ",235.7398,327.32989085182,"2016-18","mOM","45-49"
"POL",2016,"Europe","Indirect",NA,38.0098658967128,NA,"mOM","45-49"
"PRI",2016,"South & Latin America","Indirect",NA,38.5118561368258,NA,"mOM","45-49"
"PRK",2016,"Asia & Pacific","Indirect",NA,147.295494283196,NA,"mOM","45-49"
"PRT",2016,"Europe","Indirect",NA,20.8127565289388,NA,"mOM","45-49"
"PRY",2016,"South & Latin America","MICS",172.0131,172.774018041304,NA,"mOM","45-49"
"PSE",2016,"Arab states","Indirect",NA,217.227456951413,NA,"mOM","45-49"
"PYF",2018,"COUNTRIES EXCLUDED (islands/very small territories/populations)",NA,NA,52.3183999385248,NA,"mOM","45-49"
"QAT",2016,"Arab states","Indirect",NA,79.653323835377,NA,"mOM","45-49"
"REU",2018,"COUNTRIES EXCLUDED (islands/very small territories/populations)",NA,NA,39.4927068857768,NA,"mOM","45-49"
"ROU",2016,"Europe","Indirect",NA,51.227998968848,NA,"mOM","45-49"
"RUS",2016,"Europe","Indirect",NA,53.4629262685547,NA,"mOM","45-49"
"RWA",2014,"Africa","DHS ",599.5532,635.1756157158,"2014-15","mOM","45-49"
"SAU",2016,"Arab states","Indirect",NA,169.619118616192,NA,"mOM","45-49"
"SDN",2014,"Arab states","MICS",403.5423,498.544519232668,NA,"mOM","45-49"
"SEN",2017,"Africa","DHS ",409.2089,516.773800076929,NA,"mOM","45-49"
"SGP",2016,"Asia & Pacific","Indirect",NA,10.5797757722004,NA,"mOM","45-49"
"SLE",2013,"Africa","DHS ",657.2031,592.231240605135,NA,"mOM","45-49"
"SLV",2014,"South & Latin America","MICS",179.1258,225.224458278474,NA,"mOM","45-49"
"SOM",2011,"Arab states","MICS? ",443.4237,654.943157089358,NA,"mOM","45-49"
"SRB",2014,"Europe","MICS",44.08742,52.8538513227139,NA,"mOM","45-49"
"SSD",2014,"Africa","MICS",398.1542,618.718576773161,NA,"mOM","45-49"
"STP",2014,"Africa","MICS",373.5699,436.873022292048,NA,"mOM","45-49"
"SUR",2018,"South & Latin America","MICS",90.68356,132.805817087552,NA,"mOM","45-49"
"SVK",2016,"Europe","Indirect",NA,32.5849940847451,NA,"mOM","45-49"
"SVN",2016,"Europe","Indirect",NA,18.5357866005728,NA,"mOM","45-49"
"SWE",2016,"Europe","Indirect",NA,14.1433691254226,NA,"mOM","45-49"
"SYC",2018,"COUNTRIES EXCLUDED (islands/very small territories/populations)",NA,NA,52.7686762867793,NA,"mOM","45-49"
"SYR",2016,"Asia & Pacific","Indirect",NA,173.764185099862,NA,"mOM","45-49"
"TCD",2014,"Africa","DHS ",627.5488,638.425542296303,"2014-15","mOM","45-49"
"TGO",2013,"Africa","DHS ",473.6164,546.674513450785,"2013-14","mOM","45-49"
"THA",2015,"Asia & Pacific","MICS",51.70274,72.5269723572707,"2015-16","mOM","45-49"
"TJK",2017,"Asia & Pacific","DHS ",219.7946,371.940890999294,NA,"mOM","45-49"
"TKM",2015,"Asia & Pacific","MICS",160.9061,283.812721958488,"2015-16","mOM","45-49"
"TLS",2016,"Asia & Pacific","DHS ",255.6942,511.516355824071,NA,"mOM","45-49"
"TON",2018,"COUNTRIES EXCLUDED (islands/very small territories/populations)",NA,NA,106.29988843842,NA,"mOM","45-49"
"TTO",2011,"South & Latin America","MICS",102.9518,101.811894058782,NA,"mOM","45-49"
"TUN",2011,"Arab states","MICS",63.59623,151.783548204495,"2011-12","mOM","45-49"
"TUR",2013,"Europe","DHS ",166.7176,248.920744381162,NA,"mOM","45-49"
"TWN",2016,"Asia & Pacific","Indirect",NA,22.1501809840866,NA,"mOM","45-49"
"TZA",2015,"Africa","DHS ",502.2604,498.74266745277,"2015-16","mOM","45-49"
"UGA",2016,"Africa","DHS ",586.775,547.487936332674,NA,"mOM","45-49"
"UKR",2012,"Europe","MICS",34.75177,51.3700923660338,NA,"mOM","45-49"
"URY",2016,"South & Latin America","Indirect",NA,57.8357317789054,NA,"mOM","45-49"
"USA",2013,"North America","NSFG",4.4779,30.0544412883818,"2013-17","mOM","45-49"
"VCT",2018,"COUNTRIES EXCLUDED (islands/very small territories/populations)",NA,NA,78.5059988134116,NA,"mOM","45-49"
"VEN",2016,"South & Latin America","Indirect",NA,110.394415352786,NA,"mOM","45-49"
"VIR",2018,"COUNTRIES EXCLUDED (islands/very small territories/populations)",NA,NA,46.3538776538711,NA,"mOM","45-49"
"VNM",2013,"Asia & Pacific","MICS",119.068,140.034118524003,NA,"mOM","45-49"
"VUT",2018,"COUNTRIES EXCLUDED (islands/very small territories/populations)",NA,NA,158.895075437418,NA,"mOM","45-49"
"WSM",2018,"COUNTRIES EXCLUDED (islands/very small territories/populations)",NA,NA,123.697074831787,NA,"mOM","45-49"
"YEM",2013,"Arab states","DHS ",445.198,565.513756192046,NA,"mOM","45-49"
"ZAF",2016,"Africa","DHS ",161.1789,196.565280912659,NA,"mOM","45-49"
"ZMB",2013,"Africa","DHS ",543.8837,494.028554282603,"2013-14","mOM","45-49"
"ZWE",2015,"Africa","DHS ",247.769,246.415360571858,NA,"mOM","45-49"
NA,2014,"Africa","MICS ",365.6929,276.124338808382,NA,"mOM","45-49"
NA,2014,"Africa","MICS ",365.6929,22.390787708073,NA,"mOM","45-49"
NA,2018,"COUNTRIES EXCLUDED (islands/very small territories/populations)",NA,NA,19.1897829764784,NA,"mOM","45-49"
NA,2018,"COUNTRIES EXCLUDED (islands/very small territories/populations)",NA,NA,252.859938576131,NA,"mOM","45-49"
NA,2018,"COUNTRIES EXCLUDED (islands/very small territories/populations)",NA,NA,19.1897829764784,NA,"mOM","45-49"
NA,2018,"COUNTRIES EXCLUDED (islands/very small territories/populations)",NA,NA,252.859938576131,NA,"mOM","45-49"
NA,2018,"COUNTRIES EXCLUDED (islands/very small territories/populations)",NA,NA,19.1897829764784,NA,"mOM","45-49"
NA,2018,"COUNTRIES EXCLUDED (islands/very small territories/populations)",NA,NA,252.859938576131,NA,"mOM","45-49"
"ABW",2018,"COUNTRIES EXCLUDED (islands/very small territories/populations)",NA,NA,19.721228419859,NA,"mU5M","20-44"
"AFG",2011,"Asia & Pacific","MICS",NA,358.922136935555,NA,"mU5M","20-44"
"AGO",2015,"Africa","DHS ",199.8925,402.190181208339,"2015-16","mU5M","20-44"
"ALB",2018,"Europe","DHS ",11.10827,22.0853426963721,NA,"mU5M","20-44"
"ARE",2016,"Arab states","Indirect",NA,11.9243059356906,NA,"mU5M","20-44"
"ARG",2016,"South & Latin America","Indirect",NA,25.6158786642048,NA,"mU5M","20-44"
"ARM",2016,"Europe","DHS ",19.80663,35.3489350611237,NA,"mU5M","20-44"
"ATG",2018,"COUNTRIES EXCLUDED (islands/very small territories/populations)",NA,NA,14.1711678696836,NA,"mU5M","20-44"
"AUS",2016,"Asia & Pacific","Indirect",NA,4.96227184231805,NA,"mU5M","20-44"
"AUT",2018,"Europe","GGS",NA,3.34463038298931,NA,"mU5M","20-44"
"BDI",2016,"Africa","DHS ",210.8132,269.624839972184,"2016-17","mU5M","20-44"
"BEL",2018,"Europe","GGS",NA,4.34742776702865,NA,"mU5M","20-44"
"BEN",2017,"Africa","DHS ",229.4843,301.055638875727,"2017-18","mU5M","20-44"
"BFA",2010,"Africa","DHS ",338.865,409.262534660036,NA,"mU5M","20-44"
"BGD",2014,"Asia & Pacific","DHS ",149.4273,135.901318640687,NA,"mU5M","20-44"
"BGR",2016,"Europe","Indirect",NA,11.6757746192306,NA,"mU5M","20-44"
"BHR",2018,"COUNTRIES EXCLUDED (islands/very small territories/populations)",NA,NA,13.0190896598981,NA,"mU5M","20-44"
"BHS",2018,"COUNTRIES EXCLUDED (islands/very small territories/populations)",NA,NA,13.1886741079559,NA,"mU5M","20-44"
"BIH",2016,"Europe","Indirect",NA,9.19380396967449,NA,"mU5M","20-44"
"BLR",2016,"Europe","Indirect",NA,9.37369941883629,NA,"mU5M","20-44"
"BLZ",2015,"South & Latin America","MICS",NA,46.5068424171726,"2015-16","mU5M","20-44"
"BRB",2018,"COUNTRIES EXCLUDED (islands/very small territories/populations)",NA,NA,12.7535441398758,NA,"mU5M","20-44"
"BRN",2018,"COUNTRIES EXCLUDED (islands/very small territories/populations)",NA,NA,11.8836493811625,NA,"mU5M","20-44"
"BTN",2010,"Asia & Pacific","MICS ",NA,169.454310129211,NA,"mU5M","20-44"
"BWA",2016,"Africa","Indirect",NA,105.882071306193,NA,"mU5M","20-44"
"CAF",2010,"Africa","MICS",NA,350.49150128024,NA,"mU5M","20-44"
"CAN",2016,"North America","Indirect ",NA,4.73238396560917,NA,"mU5M","20-44"
"CHE",2016,"Europe","Indirect",NA,3.35641537525675,NA,"mU5M","20-44"
"CHL",2016,"South & Latin America","Indirect",NA,11.5147423456645,NA,"mU5M","20-44"
"CHN",2016,"Asia & Pacific","Indirect",NA,29.1324142207551,NA,"mU5M","20-44"
"CIV",2011,"Africa","DHS ",231.0597,308.574948475268,"2011-12","mU5M","20-44"
"CMR",2011,"Africa","DHS ",258.386,342.192895081799,NA,"mU5M","20-44"
"COD",2013,"Africa","DHS ",257.2782,379.644182614641,"2013-14","mU5M","20-44"
"COG",2011,"Africa","DHS ",175.4228,206.807139476111,"2011-12","mU5M","20-44"
"COL",2015,"South & Latin America","DHS ",33.93834,30.1751474308839,"2015-16","mU5M","20-44"
"COM",2012,"Arab states","DHS ",92.16674,229.116634270083,NA,"mU5M","20-44"
"CPV",2018,"COUNTRIES EXCLUDED (islands/very small territories/populations)",NA,NA,50.4735793038819,NA,"mU5M","20-44"
"CRI",2016,"South & Latin America","Indirect",NA,16.728963247347,NA,"mU5M","20-44"
"CUB",2014,"South & Latin America","MICS",NA,8.15048993742902,NA,"mU5M","20-44"
"CYP",2016,"Europe","Indirect",NA,5.5258765951553,NA,"mU5M","20-44"
"CZE",2016,"Europe","Indirect",NA,4.01155175493742,NA,"mU5M","20-44"
"DEU",2016,"Europe","Indirect",NA,3.18388981964646,NA,"mU5M","20-44"
"DJI",2016,"Arab states","Indirect",NA,136.989520914208,NA,"mU5M","20-44"
"DNK",2016,"Europe","Indirect",NA,4.36250248467801,NA,"mU5M","20-44"
"DOM",2013,"South & Latin America","DHS ",84.66233,73.2605621286679,NA,"mU5M","20-44"
"DZA",2012,"Arab states","MICS",NA,55.5680977316719,"2012-13","mU5M","20-44"
"ECU",2016,"South & Latin America","Indirect",NA,46.5107511996755,NA,"mU5M","20-44"
"EGY",2014,"Arab states","DHS ",74.75646,85.1283953159919,NA,"mU5M","20-44"
"ERI",2016,"Africa","Indirect",NA,174.368605722259,NA,"mU5M","20-44"
"ESH",2018,"COUNTRIES EXCLUDED (islands/very small territories/populations)",NA,NA,70.5985618108111,NA,"mU5M","20-44"
"ESP",2016,"Europe","Indirect",NA,2.21432738714292,NA,"mU5M","20-44"
"EST",2016,"Europe","Indirect",NA,7.7258274939797,NA,"mU5M","20-44"
"ETH",2016,"Africa","DHS ",216.6478,249.617020406461,NA,"mU5M","20-44"
"FIN",2016,"Europe","Indirect",NA,3.12604974182593,NA,"mU5M","20-44"
"FJI",2018,"COUNTRIES EXCLUDED (islands/very small territories/populations)",NA,NA,41.9367038175043,NA,"mU5M","20-44"
"FRA",2016,"Europe","Indirect",NA,4.61738805039555,NA,"mU5M","20-44"
"FSM",2018,"COUNTRIES EXCLUDED (islands/very small territories/populations)",NA,NA,82.6858446861755,NA,"mU5M","20-44"
"GAB",2012,"Africa","DHS ",123.8096,184.702927375111,NA,"mU5M","20-44"
"GBR",2016,"Europe","Indirect",NA,5.36359083930186,NA,"mU5M","20-44"
"GEO",2016,"Europe","Indirect",NA,29.9542015960802,NA,"mU5M","20-44"
"GHA",2014,"Africa","DHS ",148.6878,184.877673533336,NA,"mU5M","20-44"
"GIN",2012,"Africa","DHS ",296.8574,367.819410179839,NA,"mU5M","20-44"
"GLP",2018,"COUNTRIES EXCLUDED (islands/very small territories/populations)",NA,NA,9.34985975521139,NA,"mU5M","20-44"
"GMB",2013,"Africa","DHS ",148.8092,270.135722854294,NA,"mU5M","20-44"
"GNB",2016,"Africa","Indirect",NA,298.133257048306,NA,"mU5M","20-44"
"GNQ",2016,"Africa","Indirect",NA,310.658867437995,NA,"mU5M","20-44"
"GRC",2016,"Europe","Indirect",NA,3.26440135319997,NA,"mU5M","20-44"
"GRD",2018,"COUNTRIES EXCLUDED (islands/very small territories/populations)",NA,NA,20.2952457812193,NA,"mU5M","20-44"
"GTM",2014,"South & Latin America","DHS ",90.65897,107.687230585139,"2014-15","mU5M","20-44"
"GUF",2016,"South & Latin America","Indirect",NA,33.5948924914671,NA,"mU5M","20-44"
"GUM",2018,"COUNTRIES EXCLUDED (islands/very small territories/populations)",NA,NA,22.9335585685926,NA,"mU5M","20-44"
"GUY",2014,"South & Latin America","MICS",NA,77.0695969855019,NA,"mU5M","20-44"
"HKG",2016,"Asia & Pacific","Indirect",NA,1.36307010736609,NA,"mU5M","20-44"
"HND",2012,"South & Latin America","DHS ",69.4096,100.922985436107,NA,"mU5M","20-44"
"HRV",2016,"Europe","Indirect",NA,5.95498517361181,NA,"mU5M","20-44"
"HTI",2016,"South & Latin America","DHS ",124.8154,164.650948892406,"2016-17","mU5M","20-44"
"HUN",2016,"Europe","Indirect",NA,6.22730009281564,NA,"mU5M","20-44"
"IDN",2017,"Asia & Pacific","DHS ",63.058,56.4898392744869,NA,"mU5M","20-44"
"IND",2015,"Asia & Pacific","DHS ",92.88662,143.811279690272,NA,"mU5M","20-44"
"IRL",2016,"Europe","Indirect",NA,4.38203450270767,NA,"mU5M","20-44"
"IRN",2016,"Asia & Pacific","Indirect",NA,32.2576817750932,NA,"mU5M","20-44"
"IRQ",2011,"Arab states","MICS",NA,110.221859741882,NA,"mU5M","20-44"
"ISL",2016,"Europe","Indirect",NA,3.54313820032614,NA,"mU5M","20-44"
"ISR",2016,"Europe","Indirect",NA,9.43136053921504,NA,"mU5M","20-44"
"ITA",2016,"Europe","Indirect",NA,2.48226730424987,NA,"mU5M","20-44"
"JAM",2016,"South & Latin America","Indirect",NA,29.1522139355464,NA,"mU5M","20-44"
"JOR",2017,"Arab states","DHS ",40.51765,50.0498232420471,NA,"mU5M","20-44"
"JPN",2016,"Asia & Pacific","Indirect",NA,2.20304337178239,NA,"mU5M","20-44"
"KAZ",2015,"Asia & Pacific","MICS",NA,52.1382772091137,NA,"mU5M","20-44"
"KEN",2014,"Africa","DHS ",134.5772,195.676981498073,NA,"mU5M","20-44"
"KGZ",2012,"Asia & Pacific","DHS ",62.12732,92.9929437153862,NA,"mU5M","20-44"
"KHM",2014,"Asia & Pacific","DHS ",91.856,136.14195703183,NA,"mU5M","20-44"
"KIR",2018,"COUNTRIES EXCLUDED (islands/very small territories/populations)",NA,NA,129.677739411548,NA,"mU5M","20-44"
"KOR",2016,"Asia & Pacific","Indirect",NA,3.61112106064064,NA,"mU5M","20-44"
"KWT",2016,"Arab states","Indirect",NA,15.5246948494792,NA,"mU5M","20-44"
"LAO",2017,"Asia & Pacific","MICS",NA,156.336171294338,NA,"mU5M","20-44"
"LBN",2016,"Arab states","Indirect",NA,19.0399085571493,NA,"mU5M","20-44"
"LBR",2013,"Africa","DHS ",293.4383,340.883460730307,NA,"mU5M","20-44"
"LBY",2016,"Arab states","Indirect ",NA,23.5206386360042,NA,"mU5M","20-44"
"LCA",2018,"COUNTRIES EXCLUDED (islands/very small territories/populations)",NA,NA,16.499180643414,NA,"mU5M","20-44"
"LKA",2016,"Asia & Pacific","Indirect",NA,16.6596779975277,NA,"mU5M","20-44"
"LSO",2014,"Africa","DHS ",137.6474,161.013292136746,NA,"mU5M","20-44"
"LTU",2016,"Europe","Indirect",NA,8.29405546633302,NA,"mU5M","20-44"
"LUX",2018,"COUNTRIES EXCLUDED (islands/very small territories/populations)",NA,NA,3.35973004212492,NA,"mU5M","20-44"
"LVA",2016,"Europe","Indirect",NA,9.31864959331823,NA,"mU5M","20-44"
"MAC",2018,"COUNTRIES EXCLUDED (islands/very small territories/populations)",NA,NA,2.12101484296554,NA,"mU5M","20-44"
"MDA",2012,"Europe","MICS",NA,25.9899759207557,NA,"mU5M","20-44"
"MDG",2018,"Africa","MICS",NA,180.768032645975,NA,"mU5M","20-44"
"MDV",2016,"Asia & Pacific","DHS ",34.10045,48.751723631455,NA,"mU5M","20-44"
"MEX",2015,"South & Latin America","MICS",NA,37.6147931162374,NA,"mU5M","20-44"
"MKD",2016,"Europe","Indirect",NA,15.4943784862211,NA,"mU5M","20-44"
"MLI",2012,"Africa","DHS ",243.146,450.954502353759,"2012-13","mU5M","20-44"
"MLT",2018,"COUNTRIES EXCLUDED (islands/very small territories/populations)",NA,NA,4.81925541650485,NA,"mU5M","20-44"
"MMR",2015,"Asia & Pacific","DHS ",104.0004,88.0479316770274,"2015-16","mU5M","20-44"
"MNE",2013,"Europe","MICS",NA,14.1872134767184,NA,"mU5M","20-44"
"MNG",2013,"Asia & Pacific","MICS",NA,79.4409759251531,"2013-14","mU5M","20-44"
"MOZ",2011,"Africa","DHS ",271.3773,356.278104346015,NA,"mU5M","20-44"
"MRT",2015,"Arab states","MICS",NA,240.356040940945,NA,"mU5M","20-44"
"MTQ",2018,"COUNTRIES EXCLUDED (islands/very small territories/populations)",NA,NA,9.04971143053444,NA,"mU5M","20-44"
"MUS",2018,"COUNTRIES EXCLUDED (islands/very small territories/populations)",NA,NA,15.6341498461304,NA,"mU5M","20-44"
"MWI",2015,"Africa","DHS ",204.7527,280.361771943784,"2015-16","mU5M","20-44"
"MYS",2016,"Asia & Pacific","Indirect",NA,11.7020627984406,NA,"mU5M","20-44"
"MYT",2018,"COUNTRIES EXCLUDED (islands/very small territories/populations)",NA,NA,18.5990584045325,NA,"mU5M","20-44"
"NAM",2013,"Africa","DHS ",95.07228,114.194581407141,NA,"mU5M","20-44"
"NCL",2018,"COUNTRIES EXCLUDED (islands/very small territories/populations)",NA,NA,23.1138354762252,NA,"mU5M","20-44"
"NER",2012,"Africa","DHS ",413.779,498.085933843658,NA,"mU5M","20-44"
"NGA",2013,"Africa","DHS ",276.8203,356.00787754418,NA,"mU5M","20-44"
"NLD",2016,"Europe","Indirect",NA,4.02762007911336,NA,"mU5M","20-44"
"NOR",2016,"Europe","Indirect",NA,3.82491086828626,NA,"mU5M","20-44"
"NPL",2015,"Asia & Pacific","MICS",NA,139.491269984388,NA,"mU5M","20-44"
"NZL",2016,"Asia & Pacific","Indirect",NA,6.64231467146178,NA,"mU5M","20-44"
"OMN",2016,"Arab states","Indirect",NA,31.9309383047702,NA,"mU5M","20-44"
"PAK",2018,"Asia & Pacific","DHS ",180.0662,209.029555967803,NA,"mU5M","20-44"
"PAN",2016,"South & Latin America","Indirect",NA,41.6832047908503,NA,"mU5M","20-44"
"PER",2012,"South & Latin America","DHS ",63.93598,63.6346691766084,NA,"mU5M","20-44"
"PHL",2017,"Asia & Pacific","DHS ",45.9377,64.6936961999677,NA,"mU5M","20-44"
"PNG",2016,"Asia & Pacific","DHS ",106.5676,145.362865763803,"2016-18","mU5M","20-44"
"POL",2016,"Europe","Indirect",NA,6.71464389083705,NA,"mU5M","20-44"
"PRI",2016,"South & Latin America","Indirect",NA,10.0567378020402,NA,"mU5M","20-44"
"PRK",2016,"Asia & Pacific","Indirect",NA,42.3022386840772,NA,"mU5M","20-44"
"PRT",2016,"Europe","Indirect",NA,3.5629177993405,NA,"mU5M","20-44"
"PRY",2016,"South & Latin America","MICS",NA,53.0888606208669,NA,"mU5M","20-44"
"PSE",2016,"Arab states","Indirect",NA,78.9635970305007,NA,"mU5M","20-44"
"PYF",2018,"COUNTRIES EXCLUDED (islands/very small territories/populations)",NA,NA,12.2285854143129,NA,"mU5M","20-44"
"QAT",2016,"Arab states","Indirect",NA,16.2157409936619,NA,"mU5M","20-44"
"REU",2018,"COUNTRIES EXCLUDED (islands/very small territories/populations)",NA,NA,9.35976168992655,NA,"mU5M","20-44"
"ROU",2016,"Europe","Indirect",NA,14.265103474886,NA,"mU5M","20-44"
"RUS",2016,"Europe","Indirect",NA,14.3683093158965,NA,"mU5M","20-44"
"RWA",2014,"Africa","DHS ",170.5185,248.977440033356,"2014-15","mU5M","20-44"
"SAU",2016,"Arab states","Indirect",NA,29.5846407178018,NA,"mU5M","20-44"
"SDN",2014,"Arab states","MICS",NA,225.672819918244,NA,"mU5M","20-44"
"SEN",2017,"Africa","DHS ",147.8964,198.860249508047,NA,"mU5M","20-44"
"SGP",2016,"Asia & Pacific","Indirect",NA,1.78150072699027,NA,"mU5M","20-44"
"SLE",2013,"Africa","DHS ",359.164,379.49660680275,NA,"mU5M","20-44"
"SLV",2014,"South & Latin America","MICS",NA,51.7969829734274,NA,"mU5M","20-44"
"SOM",2011,"Arab states","MICS? ",NA,405.713031061663,NA,"mU5M","20-44"
"SRB",2014,"Europe","MICS",NA,13.1124409439769,NA,"mU5M","20-44"
"SSD",2014,"Africa","MICS",NA,329.229699235446,NA,"mU5M","20-44"
"STP",2014,"Africa","MICS",NA,185.606578499877,NA,"mU5M","20-44"
"SUR",2018,"South & Latin America","MICS",NA,46.8204890386281,NA,"mU5M","20-44"
"SVK",2016,"Europe","Indirect",NA,7.00931089568061,NA,"mU5M","20-44"
"SVN",2016,"Europe","Indirect",NA,3.36789803570105,NA,"mU5M","20-44"
"SWE",2016,"Europe","Indirect",NA,3.15263070448519,NA,"mU5M","20-44"
"SYC",2018,"COUNTRIES EXCLUDED (islands/very small territories/populations)",NA,NA,19.700795146321,NA,"mU5M","20-44"
"SYR",2016,"Asia & Pacific","Indirect",NA,44.1062159044732,NA,"mU5M","20-44"
"TCD",2014,"Africa","DHS ",376.199,429.652898262759,"2014-15","mU5M","20-44"
"TGO",2013,"Africa","DHS ",188.2181,253.151665893045,"2013-14","mU5M","20-44"
"THA",2015,"Asia & Pacific","MICS",NA,16.0917229505616,"2015-16","mU5M","20-44"
"TJK",2017,"Asia & Pacific","DHS ",77.95512,137.981687402133,NA,"mU5M","20-44"
"TKM",2015,"Asia & Pacific","MICS",NA,125.500595223675,"2015-16","mU5M","20-44"
"TLS",2016,"Asia & Pacific","DHS ",91.77245,199.900964883492,NA,"mU5M","20-44"
"TON",2018,"COUNTRIES EXCLUDED (islands/very small territories/populations)",NA,NA,35.3055568750626,NA,"mU5M","20-44"
"TTO",2011,"South & Latin America","MICS",NA,34.6027484630686,NA,"mU5M","20-44"
"TUN",2011,"Arab states","MICS",NA,32.4045372760543,"2011-12","mU5M","20-44"
"TUR",2013,"Europe","DHS ",43.75557,60.2154930999599,NA,"mU5M","20-44"
"TWN",2016,"Asia & Pacific","Indirect",NA,4.35946352846435,NA,"mU5M","20-44"
"TZA",2015,"Africa","DHS ",200.9316,237.238606528119,"2015-16","mU5M","20-44"
"UGA",2016,"Africa","DHS ",227.5979,300.340649587084,NA,"mU5M","20-44"
"UKR",2012,"Europe","MICS",NA,15.1202839234006,NA,"mU5M","20-44"
"URY",2016,"South & Latin America","Indirect",NA,18.1593489585586,NA,"mU5M","20-44"
"USA",2013,"North America","NSFG",9.2825,9.62111278779399,"2013-17","mU5M","20-44"
"VCT",2018,"COUNTRIES EXCLUDED (islands/very small territories/populations)",NA,NA,25.6181149415631,NA,"mU5M","20-44"
"VEN",2016,"South & Latin America","Indirect",NA,33.0904301629706,NA,"mU5M","20-44"
"VIR",2018,"COUNTRIES EXCLUDED (islands/very small territories/populations)",NA,NA,17.555723013751,NA,"mU5M","20-44"
"VNM",2013,"Asia & Pacific","MICS",NA,39.851234776157,NA,"mU5M","20-44"
"VUT",2018,"COUNTRIES EXCLUDED (islands/very small territories/populations)",NA,NA,70.6402347443972,NA,"mU5M","20-44"
"WSM",2018,"COUNTRIES EXCLUDED (islands/very small territories/populations)",NA,NA,48.3517681757018,NA,"mU5M","20-44"
"YEM",2013,"Arab states","DHS ",150.5753,227.190871212364,NA,"mU5M","20-44"
"ZAF",2016,"Africa","DHS ",72.0839,80.9109837997,NA,"mU5M","20-44"
"ZMB",2013,"Africa","DHS ",233.8945,289.875986857658,"2013-14","mU5M","20-44"
"ZWE",2015,"Africa","DHS ",151.6131,158.572692190393,NA,"mU5M","20-44"
NA,2014,"Africa","MICS ",NA,161.552799541466,NA,"mU5M","20-44"
NA,2014,"Africa","MICS ",NA,7.27795057668591,NA,"mU5M","20-44"
NA,2018,"COUNTRIES EXCLUDED (islands/very small territories/populations)",NA,NA,6.40682451252077,NA,"mU5M","20-44"
NA,2018,"COUNTRIES EXCLUDED (islands/very small territories/populations)",NA,NA,146.098191354774,NA,"mU5M","20-44"
NA,2018,"COUNTRIES EXCLUDED (islands/very small territories/populations)",NA,NA,6.40682451252077,NA,"mU5M","20-44"
NA,2018,"COUNTRIES EXCLUDED (islands/very small territories/populations)",NA,NA,146.098191354774,NA,"mU5M","20-44"
NA,2018,"COUNTRIES EXCLUDED (islands/very small territories/populations)",NA,NA,6.40682451252077,NA,"mU5M","20-44"
NA,2018,"COUNTRIES EXCLUDED (islands/very small territories/populations)",NA,NA,146.098191354774,NA,"mU5M","20-44"
"ABW",2018,"COUNTRIES EXCLUDED (islands/very small territories/populations)",NA,NA,38.6075489756593,NA,"mU5M","45-49"
"AFG",2011,"Asia & Pacific","MICS",388.5666397,594.632875442011,NA,"mU5M","45-49"
"AGO",2015,"Africa","DHS ",428.6739,640.539140715032,"2015-16","mU5M","45-49"
"ALB",2018,"Europe","DHS ",29.8321,72.1862060935291,NA,"mU5M","45-49"
"ARE",2016,"Arab states","Indirect",11.76517136,42.762432500074,NA,"mU5M","45-49"
"ARG",2016,"South & Latin America","Indirect",24.76432033,65.6334065657923,NA,"mU5M","45-49"
"ARM",2016,"Europe","DHS ",41.86344,95.884082615688,NA,"mU5M","45-49"
"ATG",2018,"COUNTRIES EXCLUDED (islands/very small territories/populations)",NA,NA,38.565478105468,NA,"mU5M","45-49"
"AUS",2016,"Asia & Pacific","Indirect",6.921544352,14.3025375319385,NA,"mU5M","45-49"
"BDI",2016,"Africa","DHS ",514.2614,527.860928385571,"2016-17","mU5M","45-49"
"BEN",2017,"Africa","DHS ",405.2907,527.215454216028,"2017-18","mU5M","45-49"
"BFA",2010,"Africa","DHS ",593.5373,643.649049435061,NA,"mU5M","45-49"
"BGD",2014,"Asia & Pacific","DHS ",358.1434,371.723975854679,NA,"mU5M","45-49"
"BGR",2016,"Europe","Indirect",11.83331803,27.9402298556089,NA,"mU5M","45-49"
"BHR",2018,"COUNTRIES EXCLUDED (islands/very small territories/populations)",NA,NA,41.2512853821815,NA,"mU5M","45-49"
"BHS",2018,"COUNTRIES EXCLUDED (islands/very small territories/populations)",NA,NA,39.4732622003785,NA,"mU5M","45-49"
"BIH",2016,"Europe","Indirect",8.915968137,27.7662240076322,NA,"mU5M","45-49"
"BLR",2016,"Europe","Indirect",6.576225408,26.4252652483958,NA,"mU5M","45-49"
"BLZ",2015,"South & Latin America","MICS",38.40542988,125.613673834545,"2015-16","mU5M","45-49"
"BRB",2018,"COUNTRIES EXCLUDED (islands/very small territories/populations)",NA,NA,25.8741824529319,NA,"mU5M","45-49"
"BRN",2018,"COUNTRIES EXCLUDED (islands/very small territories/populations)",NA,NA,29.6263441450698,NA,"mU5M","45-49"
"BTN",2010,"Asia & Pacific","MICS ",98.19985109,425.758923944061,NA,"mU5M","45-49"
"BWA",2016,"Africa","Indirect",106.9840423,167.934356859105,NA,"mU5M","45-49"
"CAF",2010,"Africa","MICS",571.8787427,461.632001132161,NA,"mU5M","45-49"
"CAN",2016,"North America","Indirect ",8.012263291,11.8297150425949,NA,"mU5M","45-49"
"CHE",2016,"Europe","Indirect",6.614306781,9.87959926978243,NA,"mU5M","45-49"
"CHL",2016,"South & Latin America","Indirect",13.15386578,34.1136607532791,NA,"mU5M","45-49"
"CHN",2016,"Asia & Pacific","Indirect",15.98871744,87.8618543973425,NA,"mU5M","45-49"
"CIV",2011,"Africa","DHS ",412.8306,487.62280066659,"2011-12","mU5M","45-49"
"CMR",2011,"Africa","DHS ",433.3456,518.062373153652,NA,"mU5M","45-49"
"COD",2013,"Africa","DHS ",473.1021,594.95004131624,"2013-14","mU5M","45-49"
"COG",2011,"Africa","DHS ",340.9233,323.742673139325,"2011-12","mU5M","45-49"
"COL",2015,"South & Latin America","DHS ",66.85219,75.238850668485,"2015-16","mU5M","45-49"
"COM",2012,"Arab states","DHS ",237.862,446.092153301787,NA,"mU5M","45-49"
"CPV",2018,"COUNTRIES EXCLUDED (islands/very small territories/populations)",NA,NA,152.668582529385,NA,"mU5M","45-49"
"CRI",2016,"South & Latin America","Indirect",15.86616162,44.5992634727907,NA,"mU5M","45-49"
"CUB",2014,"South & Latin America","MICS",9.386626957,22.5758082847296,NA,"mU5M","45-49"
"CYP",2016,"Europe","Indirect",3.495430704,21.9359498078656,NA,"mU5M","45-49"
"CZE",2016,"Europe","Indirect",5.210740195,16.7368613763426,NA,"mU5M","45-49"
"DEU",2016,"Europe","Indirect",6.035223396,9.15866995345023,NA,"mU5M","45-49"
"DJI",2016,"Arab states","Indirect",169.7791922,363.75995260992,NA,"mU5M","45-49"
"DNK",2016,"Europe","Indirect",7.683922705,12.447381637214,NA,"mU5M","45-49"
"DOM",2013,"South & Latin America","DHS ",185.1477,168.533534728662,NA,"mU5M","45-49"
"DZA",2012,"Arab states","MICS",83.8827459,197.195384093035,"2012-13","mU5M","45-49"
"ECU",2016,"South & Latin America","Indirect",36.23112228,134.26024102422,NA,"mU5M","45-49"
"EGY",2014,"Arab states","DHS ",188.4241,264.939996303142,NA,"mU5M","45-49"
"ERI",2016,"Africa","Indirect",184.5213646,388.977089190696,NA,"mU5M","45-49"
"ESH",2018,"COUNTRIES EXCLUDED (islands/very small territories/populations)",NA,NA,222.508516711919,NA,"mU5M","45-49"
"ESP",2016,"Europe","Indirect",4.285665684,8.62031857045491,NA,"mU5M","45-49"
"EST",2016,"Europe","Indirect",4.79567827,28.8514933252683,NA,"mU5M","45-49"
"ETH",2016,"Africa","DHS ",505.9366,512.424264004525,NA,"mU5M","45-49"
"FIN",2016,"Europe","Indirect",3.608632209,9.11995336754595,NA,"mU5M","45-49"
"FJI",2018,"COUNTRIES EXCLUDED (islands/very small territories/populations)",NA,NA,79.2607139802887,NA,"mU5M","45-49"
"FRA",2016,"Europe","Indirect",7.857151783,12.7088794501763,NA,"mU5M","45-49"
"FSM",2018,"COUNTRIES EXCLUDED (islands/very small territories/populations)",NA,NA,197.674081343367,NA,"mU5M","45-49"
"GAB",2012,"Africa","DHS ",284.3596,349.933919457942,NA,"mU5M","45-49"
"GBR",2016,"Europe","Indirect",7.86230729,13.7549692460244,NA,"mU5M","45-49"
"GEO",2016,"Europe","Indirect",20.88839419,76.9628336631166,NA,"mU5M","45-49"
"GHA",2014,"Africa","DHS ",356.5678,384.430972878483,NA,"mU5M","45-49"
"GIN",2012,"Africa","DHS ",532.1404,623.06107723331,NA,"mU5M","45-49"
"GLP",2018,"COUNTRIES EXCLUDED (islands/very small territories/populations)",NA,NA,27.5116538001618,NA,"mU5M","45-49"
"GMB",2013,"Africa","DHS ",364.2619,524.875343301536,NA,"mU5M","45-49"
"GNB",2016,"Africa","Indirect",378.7893016,550.206833276627,NA,"mU5M","45-49"
"GNQ",2016,"Africa","Indirect",360.4291302,509.896981883829,NA,"mU5M","45-49"
"GRC",2016,"Europe","Indirect",4.785440609,12.9265533003878,NA,"mU5M","45-49"
"GRD",2018,"COUNTRIES EXCLUDED (islands/very small territories/populations)",NA,NA,49.8777495276126,NA,"mU5M","45-49"
"GTM",2014,"South & Latin America","DHS ",242.6858,278.769299976056,"2014-15","mU5M","45-49"
"GUF",2016,"South & Latin America","Indirect",105.2906613,83.4215285477464,NA,"mU5M","45-49"
"GUM",2018,"COUNTRIES EXCLUDED (islands/very small territories/populations)",NA,NA,60.8511600467227,NA,"mU5M","45-49"
"GUY",2014,"South & Latin America","MICS",84.98893664,150.573742928774,NA,"mU5M","45-49"
"HKG",2016,"Asia & Pacific","Indirect",2.663408242,5.01663616101889,NA,"mU5M","45-49"
"HND",2012,"South & Latin America","DHS ",175.4827,254.649709206612,NA,"mU5M","45-49"
"HRV",2016,"Europe","Indirect",6.809123084,18.4401747857601,NA,"mU5M","45-49"
"HTI",2016,"South & Latin America","DHS ",350.1208,359.293179927535,"2016-17","mU5M","45-49"
"HUN",2016,"Europe","Indirect",7.334651395,24.1891599350833,NA,"mU5M","45-49"
"IDN",2017,"Asia & Pacific","DHS ",153.6555,152.404907333873,NA,"mU5M","45-49"
"IND",2015,"Asia & Pacific","DHS ",176.0584,317.63032655737,NA,"mU5M","45-49"
"IRL",2016,"Europe","Indirect",6.867412208,14.5130109524406,NA,"mU5M","45-49"
"IRN",2016,"Asia & Pacific","Indirect",25.59815865,129.629927014573,NA,"mU5M","45-49"
"IRQ",2011,"Arab states","MICS",127.6321313,241.107101265925,NA,"mU5M","45-49"
"ISL",2016,"Europe","Indirect",3.651160325,11.1212278792619,NA,"mU5M","45-49"
"ISR",2016,"Europe","Indirect",11.77068825,27.6267866563166,NA,"mU5M","45-49"
"ITA",2016,"Europe","Indirect",4.419517455,8.93891643271568,NA,"mU5M","45-49"
"JAM",2016,"South & Latin America","Indirect",30.69823988,69.1691685925298,NA,"mU5M","45-49"
"JOR",2017,"Arab states","DHS ",65.61596,127.28802890929,NA,"mU5M","45-49"
"JPN",2016,"Asia & Pacific","Indirect",3.885689363,7.03704903786247,NA,"mU5M","45-49"
"KAZ",2015,"Asia & Pacific","MICS",32.15356417,131.076149359001,NA,"mU5M","45-49"
"KEN",2014,"Africa","DHS ",259.5818,356.89570153199,NA,"mU5M","45-49"
"KGZ",2012,"Asia & Pacific","DHS ",134.593,235.134579224354,NA,"mU5M","45-49"
"KHM",2014,"Asia & Pacific","DHS ",300.8161,354.291954518981,NA,"mU5M","45-49"
"KIR",2018,"COUNTRIES EXCLUDED (islands/very small territories/populations)",NA,NA,273.418069281389,NA,"mU5M","45-49"
"KOR",2016,"Asia & Pacific","Indirect",3.976849275,18.8358341173645,NA,"mU5M","45-49"
"KWT",2016,"Arab states","Indirect",16.28517357,40.9552983183756,NA,"mU5M","45-49"
"LAO",2017,"Asia & Pacific","MICS",127.9932936,383.113337242197,NA,"mU5M","45-49"
"LBN",2016,"Arab states","Indirect",18.70848711,68.7560767383152,NA,"mU5M","45-49"
"LBR",2013,"Africa","DHS ",594.0629,619.55725070378,NA,"mU5M","45-49"
"LBY",2016,"Arab states","Indirect ",29.98096182,101.166841827399,NA,"mU5M","45-49"
"LCA",2018,"COUNTRIES EXCLUDED (islands/very small territories/populations)",NA,NA,49.4804575341383,NA,"mU5M","45-49"
"LKA",2016,"Asia & Pacific","Indirect",16.73764286,47.3591051925313,NA,"mU5M","45-49"
"LSO",2014,"Africa","DHS ",259.5223,216.215319517564,NA,"mU5M","45-49"
"LTU",2016,"Europe","Indirect",7.930114161,25.7397373688922,NA,"mU5M","45-49"
"LUX",2018,"COUNTRIES EXCLUDED (islands/very small territories/populations)",NA,NA,11.1540138315,NA,"mU5M","45-49"
"LVA",2016,"Europe","Indirect",10.08765686,28.563315708534,NA,"mU5M","45-49"
"MAC",2018,"COUNTRIES EXCLUDED (islands/very small territories/populations)",NA,NA,7.69461385525792,NA,"mU5M","45-49"
"MDA",2012,"Europe","MICS",21.28741068,69.9897065337633,NA,"mU5M","45-49"
"MDG",2018,"Africa","MICS",156.3526284,401.997527956662,NA,"mU5M","45-49"
"MDV",2016,"Asia & Pacific","DHS ",124.1583,257.100131446025,NA,"mU5M","45-49"
"MEX",2015,"South & Latin America","MICS",32.5596989,104.872429316393,NA,"mU5M","45-49"
"MKD",2016,"Europe","Indirect",19.82133872,57.4491077875228,NA,"mU5M","45-49"
"MLI",2012,"Africa","DHS ",340.5393,677.781062132654,"2012-13","mU5M","45-49"
"MLT",2018,"COUNTRIES EXCLUDED (islands/very small territories/populations)",NA,NA,13.7190530006071,NA,"mU5M","45-49"
"MMR",2015,"Asia & Pacific","DHS ",224.4173,220.126320650136,"2015-16","mU5M","45-49"
"MNE",2013,"Europe","MICS",7.682701882,39.7494246321158,NA,"mU5M","45-49"
"MNG",2013,"Asia & Pacific","MICS",56.88617187,261.048920913367,"2013-14","mU5M","45-49"
"MOZ",2011,"Africa","DHS ",457.0955,552.638128500372,NA,"mU5M","45-49"
"MRT",2015,"Arab states","MICS",345.2118318,447.634893219339,NA,"mU5M","45-49"
"MTQ",2018,"COUNTRIES EXCLUDED (islands/very small territories/populations)",NA,NA,25.375145050154,NA,"mU5M","45-49"
"MUS",2018,"COUNTRIES EXCLUDED (islands/very small territories/populations)",NA,NA,39.8500778635607,NA,"mU5M","45-49"
"MWI",2015,"Africa","DHS ",496.2943,485.46069475255,"2015-16","mU5M","45-49"
"MYS",2016,"Asia & Pacific","Indirect",16.45440844,39.3228057267256,NA,"mU5M","45-49"
"MYT",2018,"COUNTRIES EXCLUDED (islands/very small territories/populations)",NA,NA,62.0830533273164,NA,"mU5M","45-49"
"NAM",2013,"Africa","DHS ",182.4569,209.555809154521,NA,"mU5M","45-49"
"NCL",2018,"COUNTRIES EXCLUDED (islands/very small territories/populations)",NA,NA,67.0304270463328,NA,"mU5M","45-49"
"NER",2012,"Africa","DHS ",694.6162,743.064024906786,NA,"mU5M","45-49"
"NGA",2013,"Africa","DHS ",508.7814,573.821085212265,NA,"mU5M","45-49"
"NLD",2016,"Europe","Indirect",6.631231221,11.1657225004967,NA,"mU5M","45-49"
"NOR",2016,"Europe","Indirect",4.612573449,11.8704818384582,NA,"mU5M","45-49"
"NPL",2015,"Asia & Pacific","MICS",73.65364584,359.316901484598,NA,"mU5M","45-49"
"NZL",2016,"Asia & Pacific","Indirect",11.00467655,18.1681138918074,NA,"mU5M","45-49"
"OMN",2016,"Arab states","Indirect",29.88704063,146.352024728851,NA,"mU5M","45-49"
"PAK",2018,"Asia & Pacific","DHS ",325.9114,433.785121853707,NA,"mU5M","45-49"
"PAN",2016,"South & Latin America","Indirect",47.30099131,88.2015376889564,NA,"mU5M","45-49"
"PER",2012,"South & Latin America","DHS ",183.1635,215.844316743302,NA,"mU5M","45-49"
"PHL",2017,"Asia & Pacific","DHS ",88.14033,154.529380717398,NA,"mU5M","45-49"
"PNG",2016,"Asia & Pacific","DHS ",184.1226,279.916712152345,"2016-18","mU5M","45-49"
"POL",2016,"Europe","Indirect",6.527006773,29.2384047572151,NA,"mU5M","45-49"
"PRI",2016,"South & Latin America","Indirect",7.663551688,25.7390310112052,NA,"mU5M","45-49"
"PRK",2016,"Asia & Pacific","Indirect",37.85217028,126.319652083188,NA,"mU5M","45-49"
"PRT",2016,"Europe","Indirect",5.028646039,15.2496975706544,NA,"mU5M","45-49"
"PRY",2016,"South & Latin America","MICS",52.71473659,132.912618786494,NA,"mU5M","45-49"
"PSE",2016,"Arab states","Indirect",82.71382262,189.223973844135,NA,"mU5M","45-49"
"PYF",2018,"COUNTRIES EXCLUDED (islands/very small territories/populations)",NA,NA,39.8183512070302,NA,"mU5M","45-49"
"QAT",2016,"Arab states","Indirect",14.27610492,62.0171774334576,NA,"mU5M","45-49"
"REU",2018,"COUNTRIES EXCLUDED (islands/very small territories/populations)",NA,NA,30.6251373215153,NA,"mU5M","45-49"
"ROU",2016,"Europe","Indirect",13.90204441,41.7253088032091,NA,"mU5M","45-49"
"RUS",2016,"Europe","Indirect",14.05300806,35.6997590252393,NA,"mU5M","45-49"
"RWA",2014,"Africa","DHS ",532.4312,591.570432984052,"2014-15","mU5M","45-49"
"SAU",2016,"Arab states","Indirect",20.11630643,129.482185999265,NA,"mU5M","45-49"
"SDN",2014,"Arab states","MICS",280.4784422,427.770917616909,NA,"mU5M","45-49"
"SEN",2017,"Africa","DHS ",348.9512,459.82858683994,NA,"mU5M","45-49"
"SGP",2016,"Asia & Pacific","Indirect",3.239124569,7.10418903428714,NA,"mU5M","45-49"
"SLE",2013,"Africa","DHS ",602.515,550.406856409023,NA,"mU5M","45-49"
"SLV",2014,"South & Latin America","MICS",40.78611541,177.253617192546,NA,"mU5M","45-49"
"SOM",2011,"Arab states","MICS? ",608.6436839,603.139905560983,NA,"mU5M","45-49"
"SRB",2014,"Europe","MICS",9.62135513,44.5201614660213,NA,"mU5M","45-49"
"SSD",2014,"Africa","MICS",406.1372025,566.418628370435,NA,"mU5M","45-49"
"STP",2014,"Africa","MICS",157.3874057,392.217433748223,NA,"mU5M","45-49"
"SUR",2018,"South & Latin America","MICS",35.60439203,109.359404031843,NA,"mU5M","45-49"
"SVK",2016,"Europe","Indirect",8.719622815,24.3089202944345,NA,"mU5M","45-49"
"SVN",2016,"Europe","Indirect",3.78935988,12.9082660891188,NA,"mU5M","45-49"
"SWE",2016,"Europe","Indirect",5.173834936,9.65396544305898,NA,"mU5M","45-49"
"SYC",2018,"COUNTRIES EXCLUDED (islands/very small territories/populations)",NA,NA,34.6901427183657,NA,"mU5M","45-49"
"SYR",2016,"Asia & Pacific","Indirect",50.52836903,115.816576369035,NA,"mU5M","45-49"
"TCD",2014,"Africa","DHS ",559.3224,590.203086459087,"2014-15","mU5M","45-49"
"TGO",2013,"Africa","DHS ",379.4007,469.837477938252,"2013-14","mU5M","45-49"
"THA",2015,"Asia & Pacific","MICS",15.70858361,50.0789066573377,"2015-16","mU5M","45-49"
"TJK",2017,"Asia & Pacific","DHS ",199.7102,341.784515877686,NA,"mU5M","45-49"
"TKM",2015,"Asia & Pacific","MICS",141.3974006,262.988866333812,"2015-16","mU5M","45-49"
"TLS",2016,"Asia & Pacific","DHS ",187.6999,477.058160814432,NA,"mU5M","45-49"
"TON",2018,"COUNTRIES EXCLUDED (islands/very small territories/populations)",NA,NA,77.6500899365872,NA,"mU5M","45-49"
"TTO",2011,"South & Latin America","MICS",40.48842588,76.7772022749769,NA,"mU5M","45-49"
"TUN",2011,"Arab states","MICS",38.82372294,135.73290331133,"2011-12","mU5M","45-49"
"TUR",2013,"Europe","DHS ",145.8355,202.395041720207,NA,"mU5M","45-49"
"TWN",2016,"Asia & Pacific","Indirect",5.757231653,14.6342196485308,NA,"mU5M","45-49"
"TZA",2015,"Africa","DHS ",449.1561,443.556604106781,"2015-16","mU5M","45-49"
"UGA",2016,"Africa","DHS ",514.7142,495.191590957152,NA,"mU5M","45-49"
"UKR",2012,"Europe","MICS",16.17236769,33.5349767112578,NA,"mU5M","45-49"
"URY",2016,"South & Latin America","Indirect",21.4635759,46.3234231665407,NA,"mU5M","45-49"
"USA",2013,"North America","NSFG",NA,20.312549999592,"2013-17","mU5M","45-49"
"VCT",2018,"COUNTRIES EXCLUDED (islands/very small territories/populations)",NA,NA,54.7374576498074,NA,"mU5M","45-49"
"VEN",2016,"South & Latin America","Indirect",55.85305279,74.0822418749754,NA,"mU5M","45-49"
"VIR",2018,"COUNTRIES EXCLUDED (islands/very small territories/populations)",NA,NA,39.6755576391768,NA,"mU5M","45-49"
"VNM",2013,"Asia & Pacific","MICS",43.24000965,109.458019831998,NA,"mU5M","45-49"
"VUT",2018,"COUNTRIES EXCLUDED (islands/very small territories/populations)",NA,NA,132.574999160459,NA,"mU5M","45-49"
"WSM",2018,"COUNTRIES EXCLUDED (islands/very small territories/populations)",NA,NA,103.935560938416,NA,"mU5M","45-49"
"YEM",2013,"Arab states","DHS ",405.1164,516.755650470853,NA,"mU5M","45-49"
"ZAF",2016,"Africa","DHS ",123.5043,146.946242910766,NA,"mU5M","45-49"
"ZMB",2013,"Africa","DHS ",477.2978,446.466778060598,"2013-14","mU5M","45-49"
"ZWE",2015,"Africa","DHS ",184.9663,191.726190660387,NA,"mU5M","45-49"
NA,2014,"Africa","MICS ",199.5700697,215.502303952516,NA,"mU5M","45-49"
NA,2014,"Africa","MICS ",199.5700697,20.0057960425752,NA,"mU5M","45-49"
NA,2018,"COUNTRIES EXCLUDED (islands/very small territories/populations)",NA,NA,17.234879038453,NA,"mU5M","45-49"
NA,2018,"COUNTRIES EXCLUDED (islands/very small territories/populations)",NA,NA,205.327738719921,NA,"mU5M","45-49"
NA,2018,"COUNTRIES EXCLUDED (islands/very small territories/populations)",NA,NA,17.234879038453,NA,"mU5M","45-49"
NA,2018,"COUNTRIES EXCLUDED (islands/very small territories/populations)",NA,NA,205.327738719921,NA,"mU5M","45-49"
NA,2018,"COUNTRIES EXCLUDED (islands/very small territories/populations)",NA,NA,17.234879038453,NA,"mU5M","45-49"
NA,2018,"COUNTRIES EXCLUDED (islands/very small territories/populations)",NA,NA,205.327738719921,NA,"mU5M","45-49"
"ABW",2018,"COUNTRIES EXCLUDED (islands/very small territories/populations)",NA,NA,17.1586389299188,NA,"mIM","20-44"
"AFG",2011,"Asia & Pacific","MICS",NA,283.778665334467,NA,"mIM","20-44"
"AGO",2015,"Africa","DHS ",149.8557,319.652156140146,"2015-16","mIM","20-44"
"ALB",2018,"Europe","DHS ",9.918098,18.3965703934661,NA,"mIM","20-44"
"ARE",2016,"Arab states","Indirect",NA,10.4213608159379,NA,"mIM","20-44"
"ARG",2016,"South & Latin America","Indirect",NA,22.2845424737834,NA,"mIM","20-44"
"ARM",2016,"Europe","DHS ",17.52411,31.10660079547,NA,"mIM","20-44"
"ATG",2018,"COUNTRIES EXCLUDED (islands/very small territories/populations)",NA,NA,11.9091611141013,NA,"mIM","20-44"
"AUS",2016,"Asia & Pacific","Indirect",NA,4.2153393982338,NA,"mIM","20-44"
"AUT",2018,"Europe","GGS",NA,2.83894123148946,NA,"mIM","20-44"
"BDI",2016,"Africa","DHS ",153.5764,195.877040837101,"2016-17","mIM","20-44"
"BEL",2018,"Europe","GGS",NA,3.5966540673921,NA,"mIM","20-44"
"BEN",2017,"Africa","DHS ",157.0345,213.936306712537,"2017-18","mIM","20-44"
"BFA",2010,"Africa","DHS ",221.2195,267.639362915822,NA,"mIM","20-44"
"BGD",2014,"Asia & Pacific","DHS ",126.5624,106.211528219208,NA,"mIM","20-44"
"BGR",2016,"Europe","Indirect",NA,9.74845496170071,NA,"mIM","20-44"
"BHR",2018,"COUNTRIES EXCLUDED (islands/very small territories/populations)",NA,NA,10.458228350825,NA,"mIM","20-44"
"BHS",2018,"COUNTRIES EXCLUDED (islands/very small territories/populations)",NA,NA,11.2004155149799,NA,"mIM","20-44"
"BIH",2016,"Europe","Indirect",NA,7.99177375667174,NA,"mIM","20-44"
"BLR",2016,"Europe","Indirect",NA,7.68788240093707,NA,"mIM","20-44"
"BLZ",2015,"South & Latin America","MICS",NA,40.2164764547017,"2015-16","mIM","20-44"
"BRB",2018,"COUNTRIES EXCLUDED (islands/very small territories/populations)",NA,NA,10.7306398446556,NA,"mIM","20-44"
"BRN",2018,"COUNTRIES EXCLUDED (islands/very small territories/populations)",NA,NA,9.95374731338617,NA,"mIM","20-44"
"BTN",2010,"Asia & Pacific","MICS ",NA,122.108359123566,NA,"mIM","20-44"
"BWA",2016,"Africa","Indirect",NA,80.779500142389,NA,"mIM","20-44"
"CAF",2010,"Africa","MICS",NA,249.491481697945,NA,"mIM","20-44"
"CAN",2016,"North America","Indirect ",NA,4.14684287708334,NA,"mIM","20-44"
"CHE",2016,"Europe","Indirect",NA,2.92828168561917,NA,"mIM","20-44"
"CHL",2016,"South & Latin America","Indirect",NA,9.71356546787374,NA,"mIM","20-44"
"CHN",2016,"Asia & Pacific","Indirect",NA,24.9105729131364,NA,"mIM","20-44"
"CIV",2011,"Africa","DHS ",168.8104,226.426480855168,"2011-12","mIM","20-44"
"CMR",2011,"Africa","DHS ",167.1671,253.492700183532,NA,"mIM","20-44"
"COD",2013,"Africa","DHS ",182.1979,275.397210840839,"2013-14","mIM","20-44"
"COG",2011,"Africa","DHS ",117.088,152.008110608688,"2011-12","mIM","20-44"
"COL",2015,"South & Latin America","DHS ",29.65033,25.9236849260436,"2015-16","mIM","20-44"
"COM",2012,"Arab states","DHS ",75.16098,178.311982900298,NA,"mIM","20-44"
"CPV",2018,"COUNTRIES EXCLUDED (islands/very small territories/populations)",NA,NA,42.2204806418958,NA,"mIM","20-44"
"CRI",2016,"South & Latin America","Indirect",NA,13.8300775680288,NA,"mIM","20-44"
"CUB",2014,"South & Latin America","MICS",NA,6.4881657474147,NA,"mIM","20-44"
"CYP",2016,"Europe","Indirect",NA,4.71263545772721,NA,"mIM","20-44"
"CZE",2016,"Europe","Indirect",NA,3.3554810871949,NA,"mIM","20-44"
"DEU",2016,"Europe","Indirect",NA,2.68283815263334,NA,"mIM","20-44"
"DJI",2016,"Arab states","Indirect",NA,96.6651010348293,NA,"mIM","20-44"
"DNK",2016,"Europe","Indirect",NA,3.73450592548682,NA,"mIM","20-44"
"DOM",2013,"South & Latin America","DHS ",73.28659,66.6009607935704,NA,"mIM","20-44"
"DZA",2012,"Arab states","MICS",NA,47.240767082346,"2012-13","mIM","20-44"
"ECU",2016,"South & Latin America","Indirect",NA,37.9724852832542,NA,"mIM","20-44"
"EGY",2014,"Arab states","DHS ",64.74968,67.9822444429777,NA,"mIM","20-44"
"ERI",2016,"Africa","Indirect",NA,137.822582019631,NA,"mIM","20-44"
"ESH",2018,"COUNTRIES EXCLUDED (islands/very small territories/populations)",NA,NA,57.2902543196792,NA,"mIM","20-44"
"ESP",2016,"Europe","Indirect",NA,1.85881321812703,NA,"mIM","20-44"
"EST",2016,"Europe","Indirect",NA,6.32238461451304,NA,"mIM","20-44"
"ETH",2016,"Africa","DHS ",175.6964,181.813920563666,NA,"mIM","20-44"
"FIN",2016,"Europe","Indirect",NA,2.57324895533743,NA,"mIM","20-44"
"FJI",2018,"COUNTRIES EXCLUDED (islands/very small territories/populations)",NA,NA,35.3787328708223,NA,"mIM","20-44"
"FRA",2016,"Europe","Indirect",NA,3.90334236125852,NA,"mIM","20-44"
"FSM",2018,"COUNTRIES EXCLUDED (islands/very small territories/populations)",NA,NA,67.6749956517085,NA,"mIM","20-44"
"GAB",2012,"Africa","DHS ",91.11601,138.089934834712,NA,"mIM","20-44"
"GBR",2016,"Europe","Indirect",NA,4.64916453495222,NA,"mIM","20-44"
"GEO",2016,"Europe","Indirect",NA,26.9463580008843,NA,"mIM","20-44"
"GHA",2014,"Africa","DHS ",105.8955,131.917326524014,NA,"mIM","20-44"
"GIN",2012,"Africa","DHS ",209.4996,262.193608543388,NA,"mIM","20-44"
"GLP",2018,"COUNTRIES EXCLUDED (islands/very small territories/populations)",NA,NA,8.4636528474672,NA,"mIM","20-44"
"GMB",2013,"Africa","DHS ",103.4973,175.719684173993,NA,"mIM","20-44"
"GNB",2016,"Africa","Indirect",NA,220.447961189691,NA,"mIM","20-44"
"GNQ",2016,"Africa","Indirect",NA,230.868524206881,NA,"mIM","20-44"
"GRC",2016,"Europe","Indirect",NA,2.84789725279212,NA,"mIM","20-44"
"GRD",2018,"COUNTRIES EXCLUDED (islands/very small territories/populations)",NA,NA,18.0444186155212,NA,"mIM","20-44"
"GTM",2014,"South & Latin America","DHS ",74.23802,88.2344353540831,"2014-15","mIM","20-44"
"GUF",2016,"South & Latin America","Indirect",NA,29.4816664391536,NA,"mIM","20-44"
"GUM",2018,"COUNTRIES EXCLUDED (islands/very small territories/populations)",NA,NA,20.1021402989213,NA,"mIM","20-44"
"GUY",2014,"South & Latin America","MICS",NA,63.095055906086,NA,"mIM","20-44"
"HKG",2016,"Asia & Pacific","Indirect",NA,0.956439330586748,NA,"mIM","20-44"
"HND",2012,"South & Latin America","DHS ",56.83995,74.3150827642153,NA,"mIM","20-44"
"HRV",2016,"Europe","Indirect",NA,5.1755585425131,NA,"mIM","20-44"
"HTI",2016,"South & Latin America","DHS ",93.27999,119.518537903637,"2016-17","mIM","20-44"
"HUN",2016,"Europe","Indirect",NA,5.41447839586939,NA,"mIM","20-44"
"IDN",2017,"Asia & Pacific","DHS ",52.99635,46.4725820461246,NA,"mIM","20-44"
"IND",2015,"Asia & Pacific","DHS ",78.47134,112.607641055511,NA,"mIM","20-44"
"IRL",2016,"Europe","Indirect",NA,3.75639899901753,NA,"mIM","20-44"
"IRN",2016,"Asia & Pacific","Indirect",NA,27.4717124481507,NA,"mIM","20-44"
"IRQ",2011,"Arab states","MICS",NA,91.1554114056282,NA,"mIM","20-44"
"ISL",2016,"Europe","Indirect",NA,2.69688089444764,NA,"mIM","20-44"
"ISR",2016,"Europe","Indirect",NA,7.80047321440546,NA,"mIM","20-44"
"ITA",2016,"Europe","Indirect",NA,2.15445550808213,NA,"mIM","20-44"
"JAM",2016,"South & Latin America","Indirect",NA,25.1415236537584,NA,"mIM","20-44"
"JOR",2017,"Arab states","DHS ",36.69475,43.801557705704,NA,"mIM","20-44"
"JPN",2016,"Asia & Pacific","Indirect",NA,1.65296684290745,NA,"mIM","20-44"
"KAZ",2015,"Asia & Pacific","MICS",NA,44.6575722093641,NA,"mIM","20-44"
"KEN",2014,"Africa","DHS ",102.6673,145.553488533636,NA,"mIM","20-44"
"KGZ",2012,"Asia & Pacific","DHS ",53.54306,80.7150848759072,NA,"mIM","20-44"
"KHM",2014,"Asia & Pacific","DHS ",77.63649,111.973729962333,NA,"mIM","20-44"
"KIR",2018,"COUNTRIES EXCLUDED (islands/very small territories/populations)",NA,NA,105.344404902777,NA,"mIM","20-44"
"KOR",2016,"Asia & Pacific","Indirect",NA,2.89553093690779,NA,"mIM","20-44"
"KWT",2016,"Arab states","Indirect",NA,13.5755317101482,NA,"mIM","20-44"
"LAO",2017,"Asia & Pacific","MICS",NA,122.45992405304,NA,"mIM","20-44"
"LBN",2016,"Arab states","Indirect",NA,16.6718439477852,NA,"mIM","20-44"
"LBR",2013,"Africa","DHS ",206.3858,256.297794976932,NA,"mIM","20-44"
"LBY",2016,"Arab states","Indirect ",NA,20.1143871939146,NA,"mIM","20-44"
"LCA",2018,"COUNTRIES EXCLUDED (islands/very small territories/populations)",NA,NA,14.4064637546529,NA,"mIM","20-44"
"LKA",2016,"Asia & Pacific","Indirect",NA,14.4721690390296,NA,"mIM","20-44"
"LSO",2014,"Africa","DHS ",111.2025,113.669544225331,NA,"mIM","20-44"
"LTU",2016,"Europe","Indirect",NA,6.90585985932452,NA,"mIM","20-44"
"LUX",2018,"COUNTRIES EXCLUDED (islands/very small territories/populations)",NA,NA,2.76351247737661,NA,"mIM","20-44"
"LVA",2016,"Europe","Indirect",NA,7.6696094264696,NA,"mIM","20-44"
"MAC",2018,"COUNTRIES EXCLUDED (islands/very small territories/populations)",NA,NA,1.61741917419303,NA,"mIM","20-44"
"MDA",2012,"Europe","MICS",NA,21.6297786238487,NA,"mIM","20-44"
"MDG",2018,"Africa","MICS",NA,132.416530726732,NA,"mIM","20-44"
"MDV",2016,"Asia & Pacific","DHS ",29.29899,40.4980556925977,NA,"mIM","20-44"
"MEX",2015,"South & Latin America","MICS",NA,32.9365284076093,NA,"mIM","20-44"
"MKD",2016,"Europe","Indirect",NA,14.345231063965,NA,"mIM","20-44"
"MLI",2012,"Africa","DHS ",176.9719,312.063072774036,"2012-13","mIM","20-44"
"MLT",2018,"COUNTRIES EXCLUDED (islands/very small territories/populations)",NA,NA,4.2549519012252,NA,"mIM","20-44"
"MMR",2015,"Asia & Pacific","DHS ",90.83479,69.1419521860324,"2015-16","mIM","20-44"
"MNE",2013,"Europe","MICS",NA,13.006427436446,NA,"mIM","20-44"
"MNG",2013,"Asia & Pacific","MICS",NA,65.0968086446606,"2013-14","mIM","20-44"
"MOZ",2011,"Africa","DHS ",209.9337,264.806378280731,NA,"mIM","20-44"
"MRT",2015,"Arab states","MICS",NA,164.41566158574,NA,"mIM","20-44"
"MTQ",2018,"COUNTRIES EXCLUDED (islands/very small territories/populations)",NA,NA,7.9010552395539,NA,"mIM","20-44"
"MUS",2018,"COUNTRIES EXCLUDED (islands/very small territories/populations)",NA,NA,13.540229944047,NA,"mIM","20-44"
"MWI",2015,"Africa","DHS ",139.0974,208.286254459118,"2015-16","mIM","20-44"
"MYS",2016,"Asia & Pacific","Indirect",NA,9.65696382204738,NA,"mIM","20-44"
"MYT",2018,"COUNTRIES EXCLUDED (islands/very small territories/populations)",NA,NA,16.270783936767,NA,"mIM","20-44"
"NAM",2013,"Africa","DHS ",72.49869,85.3283465806008,NA,"mIM","20-44"
"NCL",2018,"COUNTRIES EXCLUDED (islands/very small territories/populations)",NA,NA,20.1473924708553,NA,"mIM","20-44"
"NER",2012,"Africa","DHS ",246.3832,305.655066590114,NA,"mIM","20-44"
"NGA",2013,"Africa","DHS ",188.1577,257.299317456715,NA,"mIM","20-44"
"NLD",2016,"Europe","Indirect",NA,3.42176632285131,NA,"mIM","20-44"
"NOR",2016,"Europe","Indirect",NA,3.16158052122229,NA,"mIM","20-44"
"NPL",2015,"Asia & Pacific","MICS",NA,110.642620436256,NA,"mIM","20-44"
"NZL",2016,"Asia & Pacific","Indirect",NA,5.50346428723137,NA,"mIM","20-44"
"OMN",2016,"Arab states","Indirect",NA,27.0010626952202,NA,"mIM","20-44"
"PAK",2018,"Asia & Pacific","DHS ",158.3765,175.050484286797,NA,"mIM","20-44"
"PAN",2016,"South & Latin America","Indirect",NA,33.0670188465935,NA,"mIM","20-44"
"PER",2012,"South & Latin America","DHS ",50.31155,50.3399466412815,NA,"mIM","20-44"
"PHL",2017,"Asia & Pacific","DHS ",38.84256,50.8833107840715,NA,"mIM","20-44"
"PNG",2016,"Asia & Pacific","DHS ",81.43938,117.252071518897,"2016-18","mIM","20-44"
"POL",2016,"Europe","Indirect",NA,5.92863037089831,NA,"mIM","20-44"
"PRI",2016,"South & Latin America","Indirect",NA,8.71741943779946,NA,"mIM","20-44"
"PRK",2016,"Asia & Pacific","Indirect",NA,33.8340697994443,NA,"mIM","20-44"
"PRT",2016,"Europe","Indirect",NA,2.90043148173543,NA,"mIM","20-44"
"PRY",2016,"South & Latin America","MICS",NA,45.3550030101768,NA,"mIM","20-44"
"PSE",2016,"Arab states","Indirect",NA,68.1361793630258,NA,"mIM","20-44"
"PYF",2018,"COUNTRIES EXCLUDED (islands/very small territories/populations)",NA,NA,11.2777986731573,NA,"mIM","20-44"
"QAT",2016,"Arab states","Indirect",NA,14.1404763834502,NA,"mIM","20-44"
"REU",2018,"COUNTRIES EXCLUDED (islands/very small territories/populations)",NA,NA,8.2038007036744,NA,"mIM","20-44"
"ROU",2016,"Europe","Indirect",NA,12.1880299048547,NA,"mIM","20-44"
"RUS",2016,"Europe","Indirect",NA,12.1175839942002,NA,"mIM","20-44"
"RWA",2014,"Africa","DHS ",119.6874,183.442288342957,"2014-15","mIM","20-44"
"SAU",2016,"Arab states","Indirect",NA,25.9655280307779,NA,"mIM","20-44"
"SDN",2014,"Arab states","MICS",NA,159.518543555335,NA,"mIM","20-44"
"SEN",2017,"Africa","DHS ",109.0029,131.886672209881,NA,"mIM","20-44"
"SGP",2016,"Asia & Pacific","Indirect",NA,1.44001451613129,NA,"mIM","20-44"
"SLE",2013,"Africa","DHS ",273.3107,294.376332486014,NA,"mIM","20-44"
"SLV",2014,"South & Latin America","MICS",NA,43.8569607445678,NA,"mIM","20-44"
"SOM",2011,"Arab states","MICS? ",NA,291.585211987419,NA,"mIM","20-44"
"SRB",2014,"Europe","MICS",NA,11.4555873176241,NA,"mIM","20-44"
"SSD",2014,"Africa","MICS",NA,238.588560362824,NA,"mIM","20-44"
"STP",2014,"Africa","MICS",NA,151.248547898731,NA,"mIM","20-44"
"SUR",2018,"South & Latin America","MICS",NA,42.367039429527,NA,"mIM","20-44"
"SVK",2016,"Europe","Indirect",NA,5.91222676025691,NA,"mIM","20-44"
"SVN",2016,"Europe","Indirect",NA,2.81687811867131,NA,"mIM","20-44"
"SWE",2016,"Europe","Indirect",NA,2.64334929644439,NA,"mIM","20-44"
"SYC",2018,"COUNTRIES EXCLUDED (islands/very small territories/populations)",NA,NA,16.9856582634299,NA,"mIM","20-44"
"SYR",2016,"Asia & Pacific","Indirect",NA,38.4270211185973,NA,"mIM","20-44"
"TCD",2014,"Africa","DHS ",256.0578,312.579398697815,"2014-15","mIM","20-44"
"TGO",2013,"Africa","DHS ",125.9618,178.263307455187,"2013-14","mIM","20-44"
"THA",2015,"Asia & Pacific","MICS",NA,14.1064257223616,"2015-16","mIM","20-44"
"TJK",2017,"Asia & Pacific","DHS ",67.80442,115.714564321936,NA,"mIM","20-44"
"TKM",2015,"Asia & Pacific","MICS",NA,106.543482600859,"2015-16","mIM","20-44"
"TLS",2016,"Asia & Pacific","DHS ",74.52238,162.943945145677,NA,"mIM","20-44"
"TON",2018,"COUNTRIES EXCLUDED (islands/very small territories/populations)",NA,NA,30.5862414659047,NA,"mIM","20-44"
"TTO",2011,"South & Latin America","MICS",NA,30.7979522282081,NA,"mIM","20-44"
"TUN",2011,"Arab states","MICS",NA,29.3773957560007,"2011-12","mIM","20-44"
"TUR",2013,"Europe","DHS ",38.30734,47.2380057580981,NA,"mIM","20-44"
"TWN",2016,"Asia & Pacific","Indirect",NA,3.42317473249929,NA,"mIM","20-44"
"TZA",2015,"Africa","DHS ",148.5882,178.287712452175,"2015-16","mIM","20-44"
"UGA",2016,"Africa","DHS ",165.7938,225.414134288479,NA,"mIM","20-44"
"UKR",2012,"Europe","MICS",NA,12.527674492902,NA,"mIM","20-44"
"URY",2016,"South & Latin America","Indirect",NA,15.5699348792215,NA,"mIM","20-44"
"USA",2013,"North America","NSFG",7.2068,8.26893245743591,"2013-17","mIM","20-44"
"VCT",2018,"COUNTRIES EXCLUDED (islands/very small territories/populations)",NA,NA,23.2132329408661,NA,"mIM","20-44"
"VEN",2016,"South & Latin America","Indirect",NA,28.5068830777358,NA,"mIM","20-44"
"VIR",2018,"COUNTRIES EXCLUDED (islands/very small territories/populations)",NA,NA,15.3610068811378,NA,"mIM","20-44"
"VNM",2013,"Asia & Pacific","MICS",NA,31.9913101695957,NA,"mIM","20-44"
"VUT",2018,"COUNTRIES EXCLUDED (islands/very small territories/populations)",NA,NA,60.1651635986935,NA,"mIM","20-44"
"WSM",2018,"COUNTRIES EXCLUDED (islands/very small territories/populations)",NA,NA,41.0308519767685,NA,"mIM","20-44"
"YEM",2013,"Arab states","DHS ",130.109,180.363531483636,NA,"mIM","20-44"
"ZAF",2016,"Africa","DHS ",61.51416,60.6769237322566,NA,"mIM","20-44"
"ZMB",2013,"Africa","DHS ",160.6185,215.312180263924,"2013-14","mIM","20-44"
"ZWE",2015,"Africa","DHS ",115.9219,115.030806972872,NA,"mIM","20-44"
NA,2014,"Africa","MICS ",NA,117.160190981856,NA,"mIM","20-44"
NA,2014,"Africa","MICS ",NA,6.39051895171033,NA,"mIM","20-44"
NA,2018,"COUNTRIES EXCLUDED (islands/very small territories/populations)",NA,NA,5.61479767700043,NA,"mIM","20-44"
NA,2018,"COUNTRIES EXCLUDED (islands/very small territories/populations)",NA,NA,107.661375911893,NA,"mIM","20-44"
NA,2018,"COUNTRIES EXCLUDED (islands/very small territories/populations)",NA,NA,5.61479767700043,NA,"mIM","20-44"
NA,2018,"COUNTRIES EXCLUDED (islands/very small territories/populations)",NA,NA,107.661375911893,NA,"mIM","20-44"
NA,2018,"COUNTRIES EXCLUDED (islands/very small territories/populations)",NA,NA,5.61479767700043,NA,"mIM","20-44"
NA,2018,"COUNTRIES EXCLUDED (islands/very small territories/populations)",NA,NA,107.661375911893,NA,"mIM","20-44"
"ABW",2018,"COUNTRIES EXCLUDED (islands/very small territories/populations)",NA,NA,32.9753977726842,NA,"mIM","45-49"
"AFG",2011,"Asia & Pacific","MICS",300.8100755,481.855335608909,NA,"mIM","45-49"
"AGO",2015,"Africa","DHS ",301.2292,519.079792511486,"2015-16","mIM","45-49"
"ALB",2018,"Europe","DHS ",28.1923,61.2671863319088,NA,"mIM","45-49"
"ARE",2016,"Arab states","Indirect",11.521398,37.3071484052696,NA,"mIM","45-49"
"ARG",2016,"South & Latin America","Indirect",22.05509034,56.4468429615255,NA,"mIM","45-49"
"ARM",2016,"Europe","DHS ",40.15152,82.3905027171347,NA,"mIM","45-49"
"ATG",2018,"COUNTRIES EXCLUDED (islands/very small territories/populations)",NA,NA,34.4499039704416,NA,"mIM","45-49"
"AUS",2016,"Asia & Pacific","Indirect",5.603954005,11.8480356307943,NA,"mIM","45-49"
"BDI",2016,"Africa","DHS ",339.0927,388.19303130017,"2016-17","mIM","45-49"
"BEN",2017,"Africa","DHS ",272.3289,378.020639377633,"2017-18","mIM","45-49"
"BFA",2010,"Africa","DHS ",410.6082,441.898953787999,NA,"mIM","45-49"
"BGD",2014,"Asia & Pacific","DHS ",288.677,282.327339232031,NA,"mIM","45-49"
"BGR",2016,"Europe","Indirect",9.992414899,22.348397944634,NA,"mIM","45-49"
"BHR",2018,"COUNTRIES EXCLUDED (islands/very small territories/populations)",NA,NA,33.5518708270864,NA,"mIM","45-49"
"BHS",2018,"COUNTRIES EXCLUDED (islands/very small territories/populations)",NA,NA,33.2015053385322,NA,"mIM","45-49"
"BIH",2016,"Europe","Indirect",6.68222123,23.8617766170972,NA,"mIM","45-49"
"BLR",2016,"Europe","Indirect",5.020357055,21.8234152839325,NA,"mIM","45-49"
"BLZ",2015,"South & Latin America","MICS",34.73018777,105.643522142464,"2015-16","mIM","45-49"
"BRB",2018,"COUNTRIES EXCLUDED (islands/very small territories/populations)",NA,NA,21.5378227748712,NA,"mIM","45-49"
"BRN",2018,"COUNTRIES EXCLUDED (islands/very small territories/populations)",NA,NA,24.3043493519056,NA,"mIM","45-49"
"BTN",2010,"Asia & Pacific","MICS ",79.48358263,297.619989732897,NA,"mIM","45-49"
"BWA",2016,"Africa","Indirect",83.38569821,121.181336747231,NA,"mIM","45-49"
"CAF",2010,"Africa","MICS",427.709308,339.432179109757,NA,"mIM","45-49"
"CAN",2016,"North America","Indirect ",6.935010954,10.0202825082463,NA,"mIM","45-49"
"CHE",2016,"Europe","Indirect",5.845992345,8.22459992022269,NA,"mIM","45-49"
"CHL",2016,"South & Latin America","Indirect",11.1086825,28.5426704669045,NA,"mIM","45-49"
"CHN",2016,"Asia & Pacific","Indirect",13.73367687,71.9115209747548,NA,"mIM","45-49"
"CIV",2011,"Africa","DHS ",305.2473,367.88701334338,"2011-12","mIM","45-49"
"CMR",2011,"Africa","DHS ",302.5821,388.95105583565,NA,"mIM","45-49"
"COD",2013,"Africa","DHS ",332.3238,442.189380945878,"2013-14","mIM","45-49"
"COG",2011,"Africa","DHS ",214.7841,233.918992905536,"2011-12","mIM","45-49"
"COL",2015,"South & Latin America","DHS ",55.67939,63.0932851564435,"2015-16","mIM","45-49"
"COM",2012,"Arab states","DHS ",190.1632,348.095491790495,NA,"mIM","45-49"
"CPV",2018,"COUNTRIES EXCLUDED (islands/very small territories/populations)",NA,NA,124.928167132685,NA,"mIM","45-49"
"CRI",2016,"South & Latin America","Indirect",13.73343275,37.0463787893736,NA,"mIM","45-49"
"CUB",2014,"South & Latin America","MICS",7.171287285,17.468267932445,NA,"mIM","45-49"
"CYP",2016,"Europe","Indirect",2.823476355,18.5912775018589,NA,"mIM","45-49"
"CZE",2016,"Europe","Indirect",4.234527964,14.2288835185928,NA,"mIM","45-49"
"DEU",2016,"Europe","Indirect",5.083194825,7.56332202644887,NA,"mIM","45-49"
"DJI",2016,"Arab states","Indirect",110.1998034,255.912833910155,NA,"mIM","45-49"
"DNK",2016,"Europe","Indirect",6.43483432,10.350677360429,NA,"mIM","45-49"
"DOM",2013,"South & Latin America","DHS ",145.8886,151.328163208567,NA,"mIM","45-49"
"DZA",2012,"Arab states","MICS",64.43512737,161.435251314962,"2012-13","mIM","45-49"
"ECU",2016,"South & Latin America","Indirect",31.13868834,106.7251389223,NA,"mIM","45-49"
"EGY",2014,"Arab states","DHS ",156.2391,207.595054858989,NA,"mIM","45-49"
"ERI",2016,"Africa","Indirect",129.7864452,297.119622023957,NA,"mIM","45-49"
"ESH",2018,"COUNTRIES EXCLUDED (islands/very small territories/populations)",NA,NA,173.026620906535,NA,"mIM","45-49"
"ESP",2016,"Europe","Indirect",3.61633835,7.10397775416587,NA,"mIM","45-49"
"EST",2016,"Europe","Indirect",3.677460021,23.8172369319595,NA,"mIM","45-49"
"ETH",2016,"Africa","DHS ",374.3942,378.169977993803,NA,"mIM","45-49"
"FIN",2016,"Europe","Indirect",2.510854265,7.53878843435862,NA,"mIM","45-49"
"FJI",2018,"COUNTRIES EXCLUDED (islands/very small territories/populations)",NA,NA,66.167346234625,NA,"mIM","45-49"
"FRA",2016,"Europe","Indirect",6.517789281,10.5450337461413,NA,"mIM","45-49"
"FSM",2018,"COUNTRIES EXCLUDED (islands/very small territories/populations)",NA,NA,159.042674346734,NA,"mIM","45-49"
"GAB",2012,"Africa","DHS ",195.8688,262.118087417368,NA,"mIM","45-49"
"GBR",2016,"Europe","Indirect",6.613317976,11.7014773346114,NA,"mIM","45-49"
"GEO",2016,"Europe","Indirect",18.64663338,70.2730823263053,NA,"mIM","45-49"
"GHA",2014,"Africa","DHS ",245.3924,271.231554120955,NA,"mIM","45-49"
"GIN",2012,"Africa","DHS ",374.0603,465.320189491047,NA,"mIM","45-49"
"GLP",2018,"COUNTRIES EXCLUDED (islands/very small territories/populations)",NA,NA,24.0214476140748,NA,"mIM","45-49"
"GMB",2013,"Africa","DHS ",239.8998,327.697827355692,NA,"mIM","45-49"
"GNB",2016,"Africa","Indirect",262.0709021,412.273569663903,NA,"mIM","45-49"
"GNQ",2016,"Africa","Indirect",274.7451389,380.793145774105,NA,"mIM","45-49"
"GRC",2016,"Europe","Indirect",5.240210854,11.3804908910472,NA,"mIM","45-49"
"GRD",2018,"COUNTRIES EXCLUDED (islands/very small territories/populations)",NA,NA,41.6087801142889,NA,"mIM","45-49"
"GTM",2014,"South & Latin America","DHS ",191.3422,221.780353473927,"2014-15","mIM","45-49"
"GUF",2016,"South & Latin America","Indirect",87.83484947,72.0398941391552,NA,"mIM","45-49"
"GUM",2018,"COUNTRIES EXCLUDED (islands/very small territories/populations)",NA,NA,52.5701483386575,NA,"mIM","45-49"
"GUY",2014,"South & Latin America","MICS",75.47673505,119.652089176688,NA,"mIM","45-49"
"HKG",2016,"Asia & Pacific","Indirect",1.679764712,3.78799503809707,NA,"mIM","45-49"
"HND",2012,"South & Latin America","DHS ",143.6642,188.269359529752,NA,"mIM","45-49"
"HRV",2016,"Europe","Indirect",5.816983278,16.0645536356942,NA,"mIM","45-49"
"HTI",2016,"South & Latin America","DHS ",267.7799,266.554288715525,"2016-17","mIM","45-49"
"HUN",2016,"Europe","Indirect",6.266180001,21.1851152376034,NA,"mIM","45-49"
"IDN",2017,"Asia & Pacific","DHS ",127.524,120.109766180987,NA,"mIM","45-49"
"IND",2015,"Asia & Pacific","DHS ",140.1704,240.768852940257,NA,"mIM","45-49"
"IRL",2016,"Europe","Indirect",5.784492045,12.218740275695,NA,"mIM","45-49"
"IRN",2016,"Asia & Pacific","Indirect",21.98095294,106.124707111091,NA,"mIM","45-49"
"IRQ",2011,"Arab states","MICS",154.1193325,194.6706006387,NA,"mIM","45-49"
"ISL",2016,"Europe","Indirect",2.782351643,8.75067450108401,NA,"mIM","45-49"
"ISR",2016,"Europe","Indirect",9.609505272,22.819348745863,NA,"mIM","45-49"
"ITA",2016,"Europe","Indirect",3.750212947,7.70791645608495,NA,"mIM","45-49"
"JAM",2016,"South & Latin America","Indirect",26.34220772,58.6185703333901,NA,"mIM","45-49"
"JOR",2017,"Arab states","DHS ",50.7683,110.093142591481,NA,"mIM","45-49"
"JPN",2016,"Asia & Pacific","Indirect",2.734855946,5.14727444742642,NA,"mIM","45-49"
"KAZ",2015,"Asia & Pacific","MICS",27.70820144,110.100294085787,NA,"mIM","45-49"
"KEN",2014,"Africa","DHS ",185.2551,263.826481077202,NA,"mIM","45-49"
"KGZ",2012,"Asia & Pacific","DHS ",112.3191,202.007795939615,NA,"mIM","45-49"
"KHM",2014,"Asia & Pacific","DHS ",242.2423,282.683842013446,NA,"mIM","45-49"
"KIR",2018,"COUNTRIES EXCLUDED (islands/very small territories/populations)",NA,NA,217.86512159567,NA,"mIM","45-49"
"KOR",2016,"Asia & Pacific","Indirect",3.392162954,14.8168204014484,NA,"mIM","45-49"
"KWT",2016,"Arab states","Indirect",14.50611701,35.5624981664296,NA,"mIM","45-49"
"LAO",2017,"Asia & Pacific","MICS",103.2505642,294.07297989411,NA,"mIM","45-49"
"LBN",2016,"Arab states","Indirect",16.16448909,59.0015605903919,NA,"mIM","45-49"
"LBR",2013,"Africa","DHS ",462.7812,472.666135120904,NA,"mIM","45-49"
"LBY",2016,"Arab states","Indirect ",24.90767074,86.0034721268541,NA,"mIM","45-49"
"LCA",2018,"COUNTRIES EXCLUDED (islands/very small territories/populations)",NA,NA,42.5207625820355,NA,"mIM","45-49"
"LKA",2016,"Asia & Pacific","Indirect",15.92452948,38.5770094292917,NA,"mIM","45-49"
"LSO",2014,"Africa","DHS ",209.9002,153.542676755717,NA,"mIM","45-49"
"LTU",2016,"Europe","Indirect",6.413577448,21.281397755518,NA,"mIM","45-49"
"LUX",2018,"COUNTRIES EXCLUDED (islands/very small territories/populations)",NA,NA,9.03280262391882,NA,"mIM","45-49"
"LVA",2016,"Europe","Indirect",6.776204488,23.2369227920696,NA,"mIM","45-49"
"MAC",2018,"COUNTRIES EXCLUDED (islands/very small territories/populations)",NA,NA,5.78209642918854,NA,"mIM","45-49"
"MDA",2012,"Europe","MICS",18.02461067,58.7055904407566,NA,"mIM","45-49"
"MDG",2018,"Africa","MICS",109.8867031,297.074832374903,NA,"mIM","45-49"
"MDV",2016,"Asia & Pacific","DHS ",107.6635,202.637835042433,NA,"mIM","45-49"
"MEX",2015,"South & Latin America","MICS",27.97578501,89.0362839772809,NA,"mIM","45-49"
"MKD",2016,"Europe","Indirect",16.02022532,53.1807183419104,NA,"mIM","45-49"
"MLI",2012,"Africa","DHS ",247.5077,492.403241848068,"2012-13","mIM","45-49"
"MLT",2018,"COUNTRIES EXCLUDED (islands/very small territories/populations)",NA,NA,11.883575411111,NA,"mIM","45-49"
"MMR",2015,"Asia & Pacific","DHS ",183.9969,168.188371914316,"2015-16","mIM","45-49"
"MNE",2013,"Europe","MICS",7.307675208,35.8312133851607,NA,"mIM","45-49"
"MNG",2013,"Asia & Pacific","MICS",60.87162066,199.568646655514,"2013-14","mIM","45-49"
"MOZ",2011,"Africa","DHS ",325.1347,415.997847795316,NA,"mIM","45-49"
"MRT",2015,"Arab states","MICS",239.1833222,305.585910013696,NA,"mIM","45-49"
"MTQ",2018,"COUNTRIES EXCLUDED (islands/very small territories/populations)",NA,NA,21.6432080344153,NA,"mIM","45-49"
"MUS",2018,"COUNTRIES EXCLUDED (islands/very small territories/populations)",NA,NA,34.892544769726,NA,"mIM","45-49"
"MWI",2015,"Africa","DHS ",336.739,364.519129627567,"2015-16","mIM","45-49"
"MYS",2016,"Asia & Pacific","Indirect",12.42480134,32.4453610471112,NA,"mIM","45-49"
"MYT",2018,"COUNTRIES EXCLUDED (islands/very small territories/populations)",NA,NA,52.8712233130804,NA,"mIM","45-49"
"NAM",2013,"Africa","DHS ",130.7128,154.10927580471,NA,"mIM","45-49"
"NCL",2018,"COUNTRIES EXCLUDED (islands/very small territories/populations)",NA,NA,57.426094546876,NA,"mIM","45-49"
"NER",2012,"Africa","DHS ",428.1093,508.737797387799,NA,"mIM","45-49"
"NGA",2013,"Africa","DHS ",367.3777,425.880017281902,NA,"mIM","45-49"
"NLD",2016,"Europe","Indirect",5.637664989,9.24330277965849,NA,"mIM","45-49"
"NOR",2016,"Europe","Indirect",3.588322366,9.56720664417095,NA,"mIM","45-49"
"NPL",2015,"Asia & Pacific","MICS",63.46578166,276.646976951584,NA,"mIM","45-49"
"NZL",2016,"Asia & Pacific","Indirect",6.68417288,14.8142355423809,NA,"mIM","45-49"
"OMN",2016,"Arab states","Indirect",25.68968584,118.62672072177,NA,"mIM","45-49"
"PAK",2018,"Asia & Pacific","DHS ",285.3635,359.393340835171,NA,"mIM","45-49"
"PAN",2016,"South & Latin America","Indirect",34.82388904,69.6868833003287,NA,"mIM","45-49"
"PER",2012,"South & Latin America","DHS ",139.0801,164.346585266028,NA,"mIM","45-49"
"PHL",2017,"Asia & Pacific","DHS ",61.13344,117.734589544066,NA,"mIM","45-49"
"PNG",2016,"Asia & Pacific","DHS ",145.552,222.558022176173,"2016-18","mIM","45-49"
"POL",2016,"Europe","Indirect",5.555659667,26.0838687696571,NA,"mIM","45-49"
"PRI",2016,"South & Latin America","Indirect",7.11742424,21.8578459684668,NA,"mIM","45-49"
"PRK",2016,"Asia & Pacific","Indirect",28.64275777,94.7084003232945,NA,"mIM","45-49"
"PRT",2016,"Europe","Indirect",4.077795388,12.1846870510798,NA,"mIM","45-49"
"PRY",2016,"South & Latin America","MICS",47.49572566,111.060140755133,NA,"mIM","45-49"
"PSE",2016,"Arab states","Indirect",70.6277245,160.107023201812,NA,"mIM","45-49"
"PYF",2018,"COUNTRIES EXCLUDED (islands/very small territories/populations)",NA,NA,36.6185569942307,NA,"mIM","45-49"
"QAT",2016,"Arab states","Indirect",12.18839687,53.8074584523248,NA,"mIM","45-49"
"REU",2018,"COUNTRIES EXCLUDED (islands/very small territories/populations)",NA,NA,26.0427024370651,NA,"mIM","45-49"
"ROU",2016,"Europe","Indirect",11.61752224,33.8194690470715,NA,"mIM","45-49"
"RUS",2016,"Europe","Indirect",12.12582083,29.9738408956691,NA,"mIM","45-49"
"RWA",2014,"Africa","DHS ",356.0428,413.048442579698,"2014-15","mIM","45-49"
"SAU",2016,"Arab states","Indirect",17.11461239,109.936608733774,NA,"mIM","45-49"
"SDN",2014,"Arab states","MICS",198.9964335,299.237707768903,NA,"mIM","45-49"
"SEN",2017,"Africa","DHS ",225.3393,284.751657060609,NA,"mIM","45-49"
"SGP",2016,"Asia & Pacific","Indirect",2.639418859,5.61819783597132,NA,"mIM","45-49"
"SLE",2013,"Africa","DHS ",451.6832,442.774645483753,NA,"mIM","45-49"
"SLV",2014,"South & Latin America","MICS",29.3746219,137.612761311581,NA,"mIM","45-49"
"SOM",2011,"Arab states","MICS? ",487.8073313,450.43192939185,NA,"mIM","45-49"
"SRB",2014,"Europe","MICS",8.281955185,38.6474685367956,NA,"mIM","45-49"
"SSD",2014,"Africa","MICS",276.7377343,426.145541372909,NA,"mIM","45-49"
"STP",2014,"Africa","MICS",122.3793243,311.906940625218,NA,"mIM","45-49"
"SUR",2018,"South & Latin America","MICS",31.86566524,97.0849714310774,NA,"mIM","45-49"
"SVK",2016,"Europe","Indirect",7.243464391,20.7059817275834,NA,"mIM","45-49"
"SVN",2016,"Europe","Indirect",3.000345458,10.8706666213449,NA,"mIM","45-49"
"SWE",2016,"Europe","Indirect",4.250840259,8.07642960152955,NA,"mIM","45-49"
"SYC",2018,"COUNTRIES EXCLUDED (islands/very small territories/populations)",NA,NA,29.9515919728096,NA,"mIM","45-49"
"SYR",2016,"Asia & Pacific","Indirect",40.61710627,98.5881651103154,NA,"mIM","45-49"
"TCD",2014,"Africa","DHS ",379.596,450.169267226443,"2014-15","mIM","45-49"
"TGO",2013,"Africa","DHS ",247.8958,323.366329436956,"2013-14","mIM","45-49"
"THA",2015,"Asia & Pacific","MICS",13.46957928,42.6187225495093,"2015-16","mIM","45-49"
"TJK",2017,"Asia & Pacific","DHS ",170.116,268.516293030718,NA,"mIM","45-49"
"TKM",2015,"Asia & Pacific","MICS",121.3700192,217.695230356773,"2015-16","mIM","45-49"
"TLS",2016,"Asia & Pacific","DHS ",157.9533,381.832169040436,NA,"mIM","45-49"
"TON",2018,"COUNTRIES EXCLUDED (islands/very small territories/populations)",NA,NA,66.9299114531494,NA,"mIM","45-49"
"TTO",2011,"South & Latin America","MICS",36.06581315,67.7148801741231,NA,"mIM","45-49"
"TUN",2011,"Arab states","MICS",33.48127875,120.252340950722,"2011-12","mIM","45-49"
"TUR",2013,"Europe","DHS ",132.306,165.332424065928,NA,"mIM","45-49"
"TWN",2016,"Asia & Pacific","Indirect",4.606228713,10.4985688789916,NA,"mIM","45-49"
"TZA",2015,"Africa","DHS ",329.1487,330.253467111906,"2015-16","mIM","45-49"
"UGA",2016,"Africa","DHS ",363.7166,371.185782986832,NA,"mIM","45-49"
"UKR",2012,"Europe","MICS",14.10253337,26.9832160144525,NA,"mIM","45-49"
"URY",2016,"South & Latin America","Indirect",18.0973719,39.8465981318648,NA,"mIM","45-49"
"USA",2013,"North America","NSFG",NA,17.1132674874847,"2013-17","mIM","45-49"
"VCT",2018,"COUNTRIES EXCLUDED (islands/very small territories/populations)",NA,NA,47.6364003487462,NA,"mIM","45-49"
"VEN",2016,"South & Latin America","Indirect",48.88665588,62.7915828997961,NA,"mIM","45-49"
"VIR",2018,"COUNTRIES EXCLUDED (islands/very small territories/populations)",NA,NA,34.3733833562126,NA,"mIM","45-49"
"VNM",2013,"Asia & Pacific","MICS",34.58984585,83.7009116255898,NA,"mIM","45-49"
"VUT",2018,"COUNTRIES EXCLUDED (islands/very small territories/populations)",NA,NA,111.318520674189,NA,"mIM","45-49"
"WSM",2018,"COUNTRIES EXCLUDED (islands/very small territories/populations)",NA,NA,87.1085236162919,NA,"mIM","45-49"
"YEM",2013,"Arab states","DHS ",343.23,411.572583556051,NA,"mIM","45-49"
"ZAF",2016,"Africa","DHS ",92.42848,106.797982024319,NA,"mIM","45-49"
"ZMB",2013,"Africa","DHS ",324.1606,333.747321009421,"2013-14","mIM","45-49"
"ZWE",2015,"Africa","DHS ",130.5451,137.192397292239,NA,"mIM","45-49"
NA,2014,"Africa","MICS ",141.3301152,155.861399419756,NA,"mIM","45-49"
NA,2014,"Africa","MICS ",141.3301152,17.3684990490271,NA,"mIM","45-49"
NA,2018,"COUNTRIES EXCLUDED (islands/very small territories/populations)",NA,NA,14.9589657810828,NA,"mIM","45-49"
NA,2018,"COUNTRIES EXCLUDED (islands/very small territories/populations)",NA,NA,146.961967273344,NA,"mIM","45-49"
NA,2018,"COUNTRIES EXCLUDED (islands/very small territories/populations)",NA,NA,14.9589657810828,NA,"mIM","45-49"
NA,2018,"COUNTRIES EXCLUDED (islands/very small territories/populations)",NA,NA,146.961967273344,NA,"mIM","45-49"
NA,2018,"COUNTRIES EXCLUDED (islands/very small territories/populations)",NA,NA,14.9589657810828,NA,"mIM","45-49"
NA,2018,"COUNTRIES EXCLUDED (islands/very small territories/populations)",NA,NA,146.961967273344,NA,"mIM","45-49"
